PC1,PC2,cluster
-1.8166012252656798,1.459483209234582,1
-1.7114894469218342,-1.259070752303958,1
1.5634704318246198,-3.5567787012646077,0
-1.7380991928176388,-0.9736537063773224,1
0.4244704475771251,-2.3352240138738005,0
-4.6934937899102325,0.1619750049302286,1
1.0616372451741956,2.6083295283364585,0
2.226667110027513,-2.7254700712442177,0
-2.2740466233478553,-0.04882983482321022,1
1.123412893203364,-2.954954779619325,0
1.332762936570999,-3.2422167042808394,0
3.3296089513070157,-1.6563808480515054,0
-3.4358027840121697,-0.5299020445184671,1
0.9823135512555874,0.3360092658320494,0
-1.2170128080747775,0.23898488360459133,1
-0.8922684196796862,0.40976484805461555,1
0.2072945850075408,-0.3849442210527949,0
3.08103145755004,-2.4629601471926192,0
4.392320425629423,-2.4681168352790954,0
-0.4839920083775072,0.3699602767768976,1
1.9931850104404563,1.3685532856024378,0
3.980017921559812,1.8948868314411003,0
-4.34853655682018,-1.061553694385054,1
2.5278081575792988,-2.2071885734042866,0
1.5884464266817695,-2.5339207616737616,0
2.0843471105238214,1.246804183631714,0
2.4491868767182896,-0.18553475793251215,0
-1.1361677832571773,0.16347180102911196,1
-0.7686835007260925,3.6253015498377374,1
3.234286287556982,-5.760190276035219,0
3.1026837792919717,5.824169845552816,0
-2.7718258342381117,0.815019161955625,1
0.014616902404445433,-3.866541096634664,0
3.4527486652070905,-0.22752084960431038,0
6.8238114268579935,0.35300676965063393,0
2.4679584391292635,-4.335395213809475,0
-1.3060964086145992,3.7908221060263907,1
4.043758013236867,2.745674522872289,0
-4.773053423206677,1.1329725085833569,1
-6.265058823467031,-0.1666216920245966,1
-3.2112595404576556,1.7617861130370007,1
-3.2080017363425477,1.2484143538901016,1
1.8687079027342641,-1.5057858464898701,0
4.158041570674863,-3.397643168988329,0
0.619527552446657,-1.9176830806830467,0
-4.771421762364458,-1.380302216314073,1
0.5130808821226753,-1.4589439538874565,0
-4.540282158773383,1.4942720647235868,1
-1.4305238134626377,-0.19064173110367824,1
1.956555619634058,-1.5112817253428308,0
5.048639972936659,-0.7229232386950281,0
1.1062891161711104,-2.4113063471603007,0
0.7408563754132395,-3.1979441827693766,0
1.842147973970907,2.7243966486366022,0
-0.8600318282260356,-0.8375427826844035,1
-0.48213668078597954,-0.03387719586876913,1
-3.0082589709125647,-1.7351562121664559,1
-2.441432869219313,-2.7798774712420538,1
1.9047629032634625,3.3574558223688524,0
-1.7631654375527068,2.352213191055439,1
0.9169086212210814,1.8017693826154944,0
-5.856857510551744,-1.465179873206647,1
5.279457417844663,0.5077455704263917,0
0.9116472281132874,-0.9684114525328837,0
-4.335916633364471,3.094371589772678,1
3.0179890592341674,2.3333263933064576,0
-2.672528813151558,1.7225986162319853,1
1.2350685732078284,-0.22654738496664648,0
-1.3178042183855632,1.4959762426447132,1
-2.455662794157761,-4.243232578032738,1
-1.226808885346068,-2.2058256909691805,1
2.2832820914120537,-0.05303411546722434,0
1.5082872737475375,-4.03704915196418,0
-1.52446988528143,-3.477924716768042,1
1.955015212360841,2.0455763338147803,0
1.8258215471058235,-1.4523381983406556,0
2.796256253721939,-1.9528775583698752,0
-3.4400632600357266,-0.23229097998196035,1
-0.9069095484980049,6.658453042310952,1
0.5617432828003462,1.0760822774725027,0
-2.047349013383568,-4.03147465012723,1
4.1950781803299355,0.5347500712557715,0
-0.1202115621599498,-4.065670791982294,1
2.0172408322143647,-0.6644741651717325,0
-1.9485184467593701,1.646157979436666,1
5.661003990200503,-2.94045784146884,0
-0.33065176778728017,-1.5838036811633824,1
4.686291778417344,-0.47652253482383977,0
-3.54520042010195,0.042391207507053934,1
-3.932177580576615,2.7589770428609177,1
-0.520512305676919,1.8488744446632464,1
1.4810096046695047,1.0270514930053798,0
1.1214176983204946,-2.3449949697194645,0
5.675468944199989,0.2241250227805711,0
-3.9800718346342596,2.1668692861523207,1
2.8901686477474398,-1.1732640506611047,0
-4.698277504143876,0.010472556607039298,1
1.5918472222450524,0.42962090710279,0
-6.8601171426679795,0.46112706731488723,1
6.55425318046601,1.310027254816114,0
1.7744962278774576,2.277325178094625,0
1.6820795731531248,-0.7238515324615332,0
0.6723371288415492,-2.4865244875567227,0
-5.119001207509997,1.9410751826998325,1
2.813302839519398,2.7292926899975534,0
-1.6893800564467372,1.4828450840191387,1
0.29173379863981996,-3.544454880403712,0
3.5282807742835356,0.3675595423748504,0
5.922553751883206,-1.3985843833392317,0
3.177386259440588,3.3486565761441156,0
6.290435388290345,-0.44469863311407065,0
1.264916904639755,-4.610635316819843,0
-1.0079340664369565,0.5230800388877526,1
-4.511430645377159,0.4741789967687089,1
0.6744813445769268,2.204083198564251,0
9.040693845329864,3.500277356742449,0
4.686283994578343,2.1968938543635175,0
2.956564383435344,-1.1978850823023175,0
-2.682468284375209,0.8809112773889102,1
4.945140488549792,-2.547204301466111,0
-2.8725117364771666,2.880617044239187,1
-0.9556208405045645,-1.716376644240182,1
1.0336978976594244,-2.8033209721951766,0
-2.030475627345237,1.1183338396904876,1
0.9816372563544133,0.010682855161358773,0
1.015205776449292,5.432109869694962,0
-3.676752990082413,-1.7122379249144917,1
4.285970182515072,-0.09593572563775032,0
2.7041881061489503,0.24383749036011115,0
3.7662411347533946,5.577357430893786,0
-5.90357628839091,-0.07013060987560817,1
-0.1649524869656629,0.8105464346522382,1
-4.713000014116553,1.3790883962694747,1
-3.15245762114543,2.0247906227506047,1
-2.8648302512490003,-0.6896222707621485,1
-6.173611403022875,0.9860275242106462,1
-3.565833935321102,-1.6157566835343007,1
-0.43470515056366016,-4.758973268902097,1
0.47725324990094387,-2.7245193399098597,0
-1.3476158916977965,-1.6016344067559825,1
3.3707716156421426,2.037937577618202,0
-3.101993236432203,1.2174527958176438,1
5.1171780891682745,-1.3432618221144563,0
-0.2844878072301814,-1.4352200162657596,1
-0.7387682899554511,-0.2290279969580101,1
-4.370059678278386,-2.049515731860328,1
0.10097702481222619,1.437158512919809,0
2.152926102360912,-2.514752832872538,0
1.629295042462802,-2.744599117909215,0
-1.1079489127462696,2.497561269831201,1
-0.42443249753559464,-2.3898771280295805,1
2.549120196690316,-1.7912375913236978,0
4.25817943055535,3.8361437452885045,0
-3.8543064668984894,3.3419728913132967,1
-3.0660331678469617,-1.8418622639254125,1
-3.739971733634803,0.2139929931002406,1
2.3276784751509285,1.5108813934429195,0
4.529278678565766,0.00991764094760386,0
-1.674656197782551,3.44354108135301,1
-0.7619347854926903,-0.13926465048397127,1
0.4417090367172296,-0.9652919758695342,0
-2.6562507571404934,-1.3003446879034204,1
-1.4534122784503618,2.0716856468852205,1
0.9745517595617734,-2.14758856237841,0
-0.7617751522687897,1.1350563821692954,1
-0.3218748448287006,-2.3756404284305694,1
5.229028488410791,-0.5896495514659114,0
-2.9136309111127456,0.21220036603503936,1
-1.033612848497668,-2.188164245145501,1
-0.556690086053863,-1.65628703015016,1
0.3963924157167329,2.5402092886181444,0
-2.812994463660251,3.0923243251637627,1
-0.375741204915705,-1.4158048923516213,1
-1.955588760226262,-2.0070846767173216,1
-1.3442876386534568,0.1919856105936993,1
-0.2661853903563231,2.811923818895008,1
2.499849060273098,0.9451788833283669,0
0.3144479365773744,-1.5361142342980185,0
9.3562671020223,7.660657011962077,0
4.496053270440683,-1.1741167233540928,0
-2.895811904189165,-0.12180808370519852,1
-2.134302440021644,-3.3903742333168663,1
-4.32029009910963,-0.11116301792337945,1
-5.306367449846472,1.1824240078959731,1
4.284214670016284,-2.532300598949808,0
0.9904175326231062,-1.013048248664886,0
5.373699457406003,7.862145305596296,0
-3.448461202732581,0.3206382983393276,1
7.511174809544349,3.9346175191604127,0
-5.272501062363687,0.3856662823047728,1
1.0501626242849738,0.7626196368878961,0
0.6397001957501685,1.1318742002604756,0
0.6762339694088754,-2.0880163653391763,0
-2.0189397903637762,1.3442511379468638,1
-1.6228508518231615,-3.455548967275141,1
2.376916467390008,1.154682291095043,0
-5.502624933430648,-0.46573353331953193,1
4.598689719704445,3.1023850500146595,0
-2.6163993851928957,-0.7428080946456482,1
9.857297688554883,7.660793765148749,0
1.5017086738784085,-1.1292710366042855,0
1.5552712755654254,3.322405699120023,0
-1.292526649208377,-0.8309443230541623,1
0.9385014485602169,1.7461671039738624,0
-0.2409907734835066,6.326550968365375,1
4.71276065511192,-2.8723489249816874,0
-0.7771374697039376,2.406941684979393,1
1.8522737824376945,0.47711013017831816,0
-0.5047708618099059,-2.2285982811905876,1
-6.046231941338127,0.37961269337357595,1
-3.050098421938318,-0.4172001268037086,1
-0.6054184166660954,-0.7952082189214851,1
0.2479523804845144,7.329433983736134,0
3.643941351048868,1.5726709123536908,0
-2.1250499357127004,-2.689170595335486,1
-0.21965751246457313,1.245359400743118,1
-2.416629588330794,-3.1872547007434493,1
-1.6772115585063203,-0.4572174584940341,1
1.9601306383733554,-1.8106575016152722,0
0.6817551269555053,-0.18401586309487525,0
-3.8228043004998864,-0.028969810012797775,1
-6.870450441882694,-0.6710249757479737,1
-3.0279658140494914,-1.9430328132424197,1
-4.70843909265356,1.9228631608256896,1
0.6496036483851414,-0.8556542194465291,0
-6.359056515216821,0.42208793298896086,1
3.417319315687477,-3.4638596908553962,0
0.5237611599246594,2.7989622717938394,0
2.2217772945045504,2.187284383777345,0
-6.449142320603899,-0.9670373018441398,1
3.626534559978255,-0.2728028968320549,0
-2.3754957446531066,11.031123153775576,1
3.013679231875285,-0.15266413456967076,0
-3.5784840285997226,0.49541370005346363,1
2.903268940226051,1.246250345211689,0
0.826735507526531,1.887344720848488,0
-5.9846012425390835,-0.4481329319135499,1
1.3534157730245815,1.3059146404714777,0
-4.513057997864085,0.12831084050258545,1
-3.6679325996821497,0.9835136383762603,1
0.2725308764378095,-0.6605903635363441,0
3.6643626547140276,-2.3662412019668064,0
6.8363602322584605,-0.47614788500682775,0
4.380273146363562,-2.147530689031062,0
-0.32258380408320386,-2.603029723730433,1
0.9871981927677419,0.5046322618718124,0
7.400995158050023,-3.0367703630762666,0
1.29088554457666,4.795221827241052,0
-1.2345702175280342,0.23971938386538386,1
-0.26589744783214686,0.41371908700797316,1
-1.6048962897924262,3.7008612258573272,1
-4.585909375041624,7.234137559642005,1
-0.9159409945556598,-1.4834241707576326,1
4.784194262935763,-1.931501594071983,0
-3.722366757761361,0.6987167950176805,1
4.4876249584575,-0.4793634838357336,0
1.6510393869773168,0.5899050639350577,0
1.151239215239955,-3.2326723652740763,0
-4.642002866343366,5.197491338458368,1
-3.131820018518805,1.0676875708826628,1
-1.4839204545804845,-0.389607428059691,1
0.02414290330389142,0.20558463998320678,1
-5.113455117221633,0.4032195923077304,1
-0.8624914452494512,3.39257201657201,1
3.872754027376964,2.354029162633703,0
-0.37458918027706795,0.1796769532295376,1
1.6928731221243183,-2.886889482013767,0
-0.6334285466240275,1.3459187027103443,1
-6.405334511017219,-0.5592123023272588,1
4.376727966004859,-2.135728252389873,0
-2.9004007211873435,-2.456314443486168,1
0.27974353040328376,-1.5144782038121412,0
0.578452039282244,-0.0562652927476667,0
0.9828178102215419,3.8501258738076256,0
-1.9042672749589975,0.5714517803088659,1
6.62923459890749,-1.46226798297169,0
-4.861718482756307,0.4348828550798249,1
-6.957129101119668,0.5302209432736447,1
-4.905542527121797,-0.832527502831176,1
2.7252095382246377,0.6815845526136098,0
-0.8504522046904235,0.1319467500666141,1
2.7749464313181544,-0.46507531892086984,0
0.3673191604030684,1.2873646857951908,0
-3.755347340721352,-0.7098405125208347,1
3.6619478512415005,-2.0903222013797325,0
-3.224128093875145,-0.08060605129640404,1
4.5487364499801055,4.284440259288457,0
-4.211028276815077,1.33032528160306,1
0.5865755620379207,-0.5463879649871638,0
-3.2955129437870676,-0.4293645947522153,1
2.4549511979262792,-2.6564132869082244,0
6.9039405215411955,7.599325560557295,0
4.605714842668807,3.9094746646916767,0
3.161914164910795,6.25615694377178,0
1.1999898917266072,-1.945568752851611,0
-6.044086346985857,2.5540552803204912,1
-2.858239358372596,-3.561636996732162,1
-4.757775656064373,-0.41839628588800054,1
0.7766052976442629,-3.1082359397890755,0
-3.5412334867312234,1.7536382699065285,1
3.011096080216404,3.1355753895448024,0
-4.506238139793282,0.6264077207484606,1
-0.6498581216303714,0.8167950082245989,1
10.073204137670803,5.4742697208305655,0
0.4750747249119989,-1.3140979273641755,0
2.8531747247313373,-1.4681645058402413,0
1.9953297294889045,3.003243570125639,0
-1.0156042489592088,3.0321433380262683,1
6.23077121846634,-0.37618254080460656,0
-5.34914791023242,0.2711464825063732,1
3.3948543731414604,3.018013988553602,0
-1.1877480355022412,1.1425082557451043,1
-4.12215500028533,-0.5615526327548043,1
1.7146322003505485,3.026532948998981,0
1.8873364617926,-1.5924965123958832,0
-0.3153710568490707,-0.6582251048621233,1
-3.3383801735263496,1.8800413119563455,1
0.29933310838004884,0.8005580547011435,0
-3.6321502123982445,-4.447170580277234,1
-0.7281120905133526,-0.8124286348803715,1
-2.314703502469867,-1.2332721441517225,1
0.10762091293904075,-0.6888943170670381,0
2.7498295666391486,0.8390709675285004,0
2.011323692362248,0.971905084982254,0
2.613230779534807,-5.498681745993543,0
0.45285052408526477,-2.9476099233940563,0
-1.990380491510648,-3.365564737972289,1
-0.72192089507893,2.21283365587536,1
0.5312577998292123,1.2505354027727422,0
-0.2348674291020899,-2.4347736287463597,1
5.291329122101611,3.2055689175593427,0
-0.04969316810222429,-1.0405062205290103,1
1.6858875524253172,-1.958905530109824,0
-3.4900277105759683,-1.7204564441496977,1
1.1842410940947512,-2.087966066730209,0
-0.23567882720357347,5.98622625930903,1
-5.544940760865267,-0.7771628768934211,1
-4.650503181297872,2.3581014858150597,1
1.4521207404567682,-3.095204812149944,0
2.9100062858646063,-3.2764869732444732,0
1.8154684492440463,0.9263159528930542,0
0.4299725482705311,-0.25504563510162614,0
1.6584315609101479,0.31968536331085595,0
3.1564387010393653,-1.6787269326326253,0
-0.6566514317647899,0.7642365007401848,1
-1.868287071179257,1.3946427653806974,1
-1.206228170645352,0.5495005695082898,1
-6.470877306087839,-0.6255225020118718,1
3.3558492845351604,5.399396795710209,0
5.511285792687183,-1.2258454990999696,0
2.557219228626537,-3.995311170251885,0
1.9186609561172903,0.9072326177069185,0
-2.6975556809459844,-0.5752720283877703,1
-0.5741970314529787,-0.6607240583232281,1
2.723351111806697,0.5190236371385711,0
-3.14339768659355,-0.9414126803571797,1
-1.9886732132505123,2.2261416552135174,1
2.97508908234287,-1.0206810584693558,0
-1.2608688295601334,0.24599976353464087,1
2.0821646376650347,-0.13233727067436168,0
-0.234322647518612,4.680204626014411,1
-5.087629176423222,0.5384861936859049,1
-4.859429389459608,-0.7971907410491347,1
-4.211974190764943,1.0230264494329235,1
1.8852140412682874,1.5985092912934966,0
0.029020469725296413,-1.5710732093939976,1
0.2705230570029221,2.014493629416481,0
-5.911445141673267,-1.2371341082559961,1
0.5517765420311072,0.600079567442923,0
-0.6994598428125665,0.3823578209218903,1
0.2483499050380747,-4.2523464382838965,0
6.6518691506639716,-0.8040463018035021,0
-2.8763631795112996,0.7691852926326214,1
3.0366898098808197,-1.8459211788590268,0
4.611116435726859,4.137065482405934,0
-4.015547373743305,-0.031052465177602795,1
2.3434704166330658,-3.7091264684818115,0
0.995705533212304,-1.1143729819132508,0
4.106617520790826,-1.8710603820164886,0
2.50364290006722,-1.0755139882943494,0
-3.0050435976033136,0.7065816856627029,1
-0.4609433777481211,-1.9189888070555576,1
-3.204783641265605,-0.08320236628838323,1
-1.7500931927244565,-0.4065741609456556,1
0.05401593132136632,-0.9749096242255003,0
-5.880558399845394,1.2245734861371065,1
1.526703060084776,-2.931994501336975,0
-2.8482367065808147,-2.868196564849258,1
-5.68188082612355,0.6548478556216889,1
0.6669974915236894,3.0413432575063766,0
3.8422015017359037,0.7557935427085234,0
-3.46476195704854,0.1464257947121429,1
-0.9578861518214833,-1.426847298257159,1
-0.054980643120150975,1.9234743088928723,0
4.831168889614562,-0.8095538825847832,0
-2.3161970225946478,-0.25355938415949014,1
-2.4266384593215444,-0.3745104237765033,1
2.032251492869637,1.36472563724272,0
3.5522060770943025,-2.2202427403264067,0
-0.18435492803459347,-3.7054080795849234,1
2.0942411583120277,5.166219679587211,0
0.03609754709082477,-0.8654337833321057,0
-1.3565919178775145,-2.4189284679727536,1
-3.3050151280202082,1.442562686430912,1
2.6096680863693065,-0.8945174900272037,0
3.2421793349279704,0.008183793092319196,0
3.094951958976233,-0.5596557400528631,0
5.595507984313826,-0.7600856171990958,0
-5.35439556924857,3.0120597916700684,1
-3.5163118636104858,-0.6344031023203559,1
0.06515329142287588,2.4155019898433405,0
-4.308796244133458,3.687705085902893,1
0.2858087281159706,-4.487780132193811,0
-4.517782402315784,2.0253611235647195,1
4.130172793254885,1.9652574473426736,0
-2.728349676142508,-3.318212621623334,1
-3.306619526829126,0.8613282617855711,1
2.8791547288755934,2.3276335677413824,0
8.328397518383982,8.684898098633404,0
-1.5068391497225668,-3.368341928190049,1
-4.296794629911777,3.938731815231743,1
0.7688619896248755,-1.1540360826315608,0
6.880971992976872,-4.028678350767846,0
-0.5057813323017736,-1.8616778235323432,1
1.8786837935872274,3.292890907456157,0
1.1652936926746371,-1.7099512232935257,0
0.7806827363233976,-1.2295329623623443,0
2.008928488189114,0.7675625927799679,0
-2.201293993869541,0.41785157595357936,1
-5.104316926348549,-1.596446025067351,1
-4.248472763795094,-0.758016632591089,1
0.746043929144865,-0.6663807996234906,0
2.6695044526260303,1.863288615554797,0
13.441742178192683,10.309517766665747,0
-0.5130161172792016,1.4333486734908742,1
-0.816366454437132,-0.9221449607994981,1
3.6446803066152063,3.0720637454211404,0
2.548194878750488,-2.742641150789647,0
6.33591993067087,4.769787734045275,0
-1.906765571941065,0.04466729521436993,1
-0.5714105629054644,0.8833732214283693,1
2.2865270140723686,0.5678948846868292,0
4.191482886822241,-3.595019556295669,0
-0.008490363987687403,-1.8015755195612921,1
5.544629362743437,-5.410876647502107,0
5.53788917874197,-2.114051540812062,0
-2.4178708888538303,-2.4924168989933584,1
-1.536884453299574,0.451346004330816,1
-0.04615320753787108,0.3112598697468854,1
0.4959300326375448,2.2800499628995525,0
-1.6943997236579105,-0.8705280710704137,1
-0.39931550326384246,-0.6911641248350887,1
1.0829040114242192,-0.6422122859271492,0
2.5147531345363157,-4.5092992717523845,0
2.4865958022338663,1.136082837062742,0
3.1027431381187855,-0.23590246819403984,0
-1.6906706415034163,0.946425977429581,1
0.20582728679893442,2.0332863155465484,0
0.9691569860990723,-0.7600732861560107,0
0.08320227989871565,4.198844754938811,1
-1.5941424863324505,-3.0654814158580375,1
-1.6405976052614053,-0.8146820019646835,1
-2.41113159062167,-1.2835904194037109,1
0.5210440700840141,5.367300213253459,0
1.3842572063315168,-1.713174789062692,0
0.4532754749897041,0.8938754155994566,0
-6.180381175666159,-0.7946413050882769,1
-6.969340190709223,0.15147490912878667,1
1.4150055142845441,-3.8286403514914897,0
2.0423236816471833,3.6709970669288774,0
-1.4692089442375853,0.022458329355143095,1
-1.6547506307953352,2.4331950008849774,1
4.931265836334234,0.18007749443531706,0
-4.05241644498276,1.267614645986712,1
-3.54516020935273,0.7259386049385489,1
2.217813036462601,1.1334721310142217,0
1.9781950471395995,-1.3905857003833662,0
-2.060050966394218,-1.132402321358161,1
1.7888680357358633,2.4421302189164074,0
-3.9555823630663824,-2.7537920896877255,1
5.160584498216269,5.188435958567314,0
-1.283602897171927,-0.020756030481237364,1
-1.5249668873832294,0.0532666606629599,1
-5.4676569784499645,0.6703907805196873,1
-1.9155139598574356,-0.5721803568410752,1
-0.2202504113451611,1.841453543315959,1
-3.329467463174179,0.20404865726787325,1
-6.441846273844179,-0.42597177255576474,1
7.486987242267302,-0.3482838358335138,0
0.5799469446331881,-3.9887309710983105,0
5.7442638353796065,-4.562276426576609,0
-3.6286195900133422,3.6337985029474287,1
-0.08443934273148113,2.457310204123316,1
2.340948406006264,1.6795160384416168,0
1.1233459761937785,-1.8899082522065338,0
-2.047820376730868,-1.9868796422078285,1
-2.5890237097481243,1.9694616351127605,1
-4.09352419462219,-1.8474622247395733,1
0.11198504113422492,-1.5345590705107213,0
6.9801057470001195,1.569922731461724,0
-0.5308898304700652,1.7934454477051698,1
3.9843491761923566,1.310487886705955,0
-1.0268237475761919,1.9018479691438348,1
-2.1517035474343,0.7822141982732634,1
-1.5329063748669416,2.2200479809020996,1
5.492031179791159,-3.642590677755906,0
4.151784253297787,-0.4868678969370351,0
-3.9985834621719794,0.03418829179792322,1
5.04201487661006,-0.8093602460301446,0
2.0718810774758425,2.9458158776542533,0
0.6610407094132434,-3.263303557800758,0
1.1296942042059215,-2.0465904948314284,0
-0.21396838880850022,-6.973801140341002,1
-4.707466365376058,-0.041920279726220804,1
0.8861790815780591,2.05772442981919,0
1.6410796054960837,-2.862773429556683,0
4.298253368951337,1.6481550772703735,0
-0.8273057866936677,1.0331806066120854,1
-4.383518375140668,-1.0167436245440125,1
-4.312276080854565,3.4698166181107597,1
-2.961300199094703,-0.07612161263832651,1
0.09164851906283475,0.9779737653899916,1
-6.772380781634304,2.4646099388368037,1
-0.5197227567630268,-0.7319423213494136,1
3.44860265901509,-0.3391454812420774,0
-4.026189801276309,1.0962735176692162,1
0.5994081099541696,-1.0181546493619447,0
-1.3828097895132752,-1.6762000970102846,1
6.847767530366387,-4.702650091569615,0
2.7645068930256014,-1.3572451910278516,0
6.13195356491201,-2.6879399775130763,0
0.2999830199086634,2.1744855004981596,0
-1.1628994695517605,1.9704238120857456,1
-0.6975226345462306,-0.17193182356177714,1
-2.4478322840226365,2.5677018758584818,1
-5.656538599687682,1.694765423437458,1
-2.4701720929811692,0.4954884856041185,1
-0.7875914708757891,1.2978278896764135,1
-2.390454663053211,-2.3102337349810096,1
-4.344305330933532,1.1290027497855777,1
0.36810852563121144,-0.14336666927362113,0
-3.7167545439486025,-1.0924900601372518,1
1.519357855569579,0.6937904824397033,0
-1.4691950612895106,-2.8877172980295946,1
-0.8480963892650553,-1.7675676387361214,1
2.1073656764024706,-2.5263027967168252,0
-2.9145578691395255,-1.4004001492283442,1
3.8437661636349376,2.5265484102974924,0
-2.3775038918355866,-0.3935524897589499,1
0.3015524678292621,0.3476996303111901,0
3.250541799573382,3.8131902237195465,0
3.4681509355156637,0.08600881511655108,0
5.69325249468522,0.155609200614258,0
-3.081005805397762,-0.4863626785782697,1
2.730013727520687,-0.632733027689925,0
-3.3009300516810973,-0.5937632510609898,1
4.740547524910181,5.7171994373717725,0
1.4113067164872326,-0.35746078745635346,0
-0.9376215254842696,2.1361242328287835,1
5.653029277393431,-4.626992183973928,0
0.7427862646857283,-6.942484225990755,0
1.9117452273033184,-3.318814572892714,0
-4.566922075411618,0.11908609362122723,1
-2.1512739773350797,0.5118199324147665,1
1.7889067233992058,0.14071712330002814,0
1.4915984321204416,-2.335645170951071,0
-3.7775730613259304,-1.8363268857649975,1
-2.121307531578179,-2.1612505293567055,1
0.5221131457854304,-0.4424998182594552,0
-4.662385202501317,0.950609910023085,1
1.4171168283790987,-2.570853540019109,0
-0.2052609872599945,-2.7285020304528307,1
-6.69751300318694,1.4786306017519981,1
-1.2170412394034218,-3.0218450341608696,1
-2.5607960831460708,-1.777801488369377,1
-3.613214781379492,-0.7173847286290385,1
-3.931527942988755,0.6496407966889964,1
-4.457943375503115,2.0550841410575256,1
-4.527231562796335,2.153144126082943,1
-2.646814499141509,1.9902392957512005,1
-1.481490659791352,-0.6899105916563648,1
-2.9012401237925705,0.08113519794759143,1
0.23943672328663976,0.1531910079964533,0
-4.872424261632024,-0.620659780067123,1
-0.41257820827544445,0.16145045415891354,1
4.340416854482651,6.150544681376651,0
6.100293952315626,5.612990300677336,0
-5.344253422155933,1.8907782263583275,1
4.965534816397011,-0.4122808390001741,0
2.2630310387237653,-0.14625027455017572,0
3.6450180148545543,0.6887525955207773,0
2.0451015163180877,4.955747782966189,0
-1.8046177599008983,-4.583479145664058,1
3.0317383410392447,2.701821967120568,0
5.546456340093301,-3.0493235098707117,0
-0.46550450785388126,2.2957990387878335,1
4.393626220218581,3.207995493004091,0
1.0392456618498336,-1.0869069810945042,0
0.6565184231422054,0.05524024581004817,0
1.8039064073329176,-2.614136653626302,0
-5.425384430403624,-0.4278083250832665,1
0.22875646240699873,5.960179403783012,1
-1.090995414923616,-1.650788988659499,1
0.11150766173919008,-4.38392558951195,0
6.977024952893172,-2.7758130395472245,0
4.973836238686496,-0.017549876933931056,0
-2.8445337100391597,-1.8281053510265413,1
3.648789698009739,-1.1461925543760638,0
-7.241010123180338,4.240915008590654,1
-5.639174528358243,3.548022480890519,1
2.206746503498945,1.4328385841853999,0
-4.354341460967699,-1.0316476660846854,1
-3.9020941609946456,-1.3205878361050927,1
-3.278969990304902,-2.4296743135375456,1
-0.010344625405576504,-3.5077954153426023,1
-3.371369161911042,0.05099571663202335,1
2.804672200616621,2.311648198350839,0
-1.9222550501738784,-3.4540276236014043,1
2.8276252101887662,-1.9418662113364236,0
-3.319371171248869,0.5430195324776134,1
0.9070856668052126,-3.090411135872423,0
-3.5161978088825325,-0.35670418255044944,1
6.19151099535666,-3.018679926324945,0
3.2404705638759346,-3.787583649454567,0
-0.962943383105054,-3.2905671182944536,1
-4.940380213882288,2.8573044853133753,1
-0.3262131857005799,1.6393307299552857,1
5.2609089451440845,0.43970231604003374,0
2.8064042796703537,-3.4954547147111263,0
0.5440504120499097,-3.7289777064594807,0
2.4069894820233153,1.4512246019697967,0
3.5349140853081127,4.348759109825186,0
3.6415121897274743,-1.49636240648589,0
-0.2838935958536813,-2.7046665135000647,1
1.4637157365213176,0.7277580254394744,0
1.2020507915827472,3.84095589330344,0
5.260333185216467,1.2983314147019014,0
-2.12001151385258,-1.015386434275696,1
3.991982735189292,-3.4731787021285188,0
-1.3074627592873649,-1.802422773053161,1
4.689296544464736,-3.8490679482150294,0
0.49137504494105744,0.24134775893934649,0
-0.557623094819246,2.2677112739429846,1
-5.600670514569797,0.8273132403363239,1
-4.577056581404396,-1.0504025913876047,1
-3.8638400809757116,0.615879319348302,1
-0.4736024071016425,-1.3140125730621048,1
1.4246309825632846,-0.3224453556528493,0
-2.0238431514224327,-1.8037252621933264,1
0.36326528807794967,4.032947245562367,0
5.1130204793216,-0.21646069751576005,0
0.9329548815039874,-2.369861533206463,0
1.3714374280270358,-3.0516159104340073,0
4.2155036390240985,1.9511073753606822,0
4.9625528904294605,1.0088272668411762,0
-1.5067268356603334,1.6691447593058044,1
-1.8232716006619158,0.04921754396880025,1
6.745580368775279,-4.764519626650942,0
-4.048282544328072,0.30406717504931413,1
-2.1713578142319396,-2.1133458980823594,1
-2.667405574300378,-1.1982545142869316,1
-1.995862014562935,2.9616071289052353,1
-1.6707783107805256,3.381977650014789,1
1.6074147030603971,-1.5691068889429753,0
-5.641171495768646,1.704791673760043,1
-4.088086618332648,-0.0008758172656236332,1
1.9711490433293462,0.6998535866058117,0
-5.08989288923726,-0.021524168464589134,1
5.12379088186111,0.4565846897969443,0
2.7574573845431214,6.914627730409219,0
-5.698582545256512,2.946911201197618,1
0.8803907070246428,-3.096802245911909,0
3.3896830931884274,-2.3299124729111904,0
-0.7830621787394992,0.8198192600523619,1
6.376121506385449,3.195942766525848,0
1.0041688106751803,-4.53918553405924,0
5.743155158707293,-0.6240585664098026,0
2.611173013147911,-3.496546760947661,0
-4.265814481573595,1.8699109107006233,1
0.7356398645360829,1.2690762978297787,0
-0.4721915517239136,-3.2318820473329217,1
-2.922552960503693,0.9614825266142495,1
1.06886541244344,-1.781675798787852,0
-1.3225713229185636,2.0569550229255116,1
-4.158124003942462,-0.3369528772491141,1
-2.8732219528691876,-0.1806213664550582,1
2.666223499887824,0.5396458591537011,0
-4.4142671389514945,-0.754044748786106,1
-2.6761529185931194,-0.8509724998120739,1
2.2242924549240892,-3.3295716327228795,0
1.0325604168776554,-0.8358606428512938,0
-0.6241963519974927,-0.25960057960538563,1
8.472475387800719,11.538864445669601,0
1.09616789217642,0.2563781930506941,0
2.554889785959954,1.370778111149112,0
3.9348196703564198,-3.871143005451531,0
2.204774017970777,-0.7828857244365491,0
3.5132074034789342,-1.2283697433299505,0
-4.908544705376894,-2.4388945302585574,1
2.6395566140690674,2.8415771494209014,0
2.3605596368798394,-1.1631966526672233,0
-2.190548804290932,0.955789742552124,1
3.9084630076967866,-5.8507212802605935,0
5.547482582355721,1.594121094785225,0
-1.4722378948413155,1.8178808793898265,1
-3.2682189833587376,-3.220303701102614,1
-2.1060006037820616,-0.5871838811288284,1
1.817499627402617,2.7330715481152446,0
5.99771273293233,-0.5760746343180115,0
3.879829683925317,-1.383510589551292,0
-2.85224385237214,-0.6277877000594647,1
-3.0634646766845166,3.623817059559407,1
0.3368028272078045,-2.742417985664266,0
2.9723442314352595,-3.6016373370103176,0
-5.904037408196689,-0.5805225317415241,1
1.4872429417714368,-2.06143964188612,0
0.27320215634301537,-0.4395080228666256,0
-0.7052748557613805,-3.148059718205232,1
4.596547007623981,-1.2607722640824457,0
2.9872648502509858,-0.49740162577458014,0
4.120259839379914,0.8815994741303743,0
0.6031414243455105,1.8014181039962982,0
-1.7375124955979857,-1.184977825582682,1
-1.8631463052601194,0.5856899020345688,1
0.9152771563485951,-2.473748338723741,0
2.256902576880225,3.1955147010704508,0
-4.203663992989573,0.8361767973660561,1
-1.7689844695510222,-0.671294212566107,1
4.214928618449249,0.6763565559900477,0
3.993804339381219,0.08015641916912192,0
1.1445342742669007,-1.9811482289282822,0
-2.7689461516956175,-0.3572237395634606,1
1.6352559176499672,4.782143536940197,0
-0.42689398982054705,-5.164710036330117,1
7.470990104828782,-2.206764191935108,0
-4.652024712805077,0.6603873284661245,1
-5.915230153044225,-0.6492187796274005,1
-0.8670928667116269,-0.8609906973987835,1
-2.725910797338801,-3.96236684670414,1
3.451352146057059,-3.7123128496157993,0
-3.541539571050504,-2.2091373083107673,1
2.1206481741190024,0.9219697794147713,0
-3.377641700550444,0.7714093751007491,1
2.3128161827987475,-0.019796595096773638,0
-1.43822215550611,-0.6039843511353339,1
-4.209607299936177,2.1521153182661643,1
-1.6697382164420598,4.0704599387223395,1
-1.4712166353034313,-3.107610568176113,1
2.0841366884722268,-1.0003949577151454,0
0.1991116829449507,-3.896582495541343,0
-4.888272297784052,-1.2626371089263948,1
-2.3450680008565117,0.18704769523597567,1
-1.8287683423106602,0.8262775488025562,1
0.9289748841880793,2.2637200560378523,0
-7.026637464590809,0.6174656384675807,1
-2.8139131938964805,3.5712581389283726,1
3.951885674825006,0.059679496301651716,0
4.077664390158415,0.8744971027092875,0
1.609319697988289,1.0555418568635218,0
-5.415826028109787,0.2669508730374992,1
1.227439113521698,4.524709447130564,0
-0.5162451049363259,-0.14501853531233166,1
1.223906231129236,-0.010243838709996407,0
-1.4666379180581672,0.15862396920697514,1
-0.019420669644683558,0.3153487139411363,0
0.5363278448397412,0.5460916688519947,0
1.5837063619589706,-5.429450503831276,0
1.744501907033457,-1.502228523286399,0
4.9288108890590205,0.0036354273491508715,0
1.5880915437107685,0.015349347604680928,0
2.266266839773829,1.0210618641764677,0
4.426597543446859,1.1465608117737371,0
2.9507701905121078,-1.160428271080655,0
-3.101134988000744,-0.7190936904355137,1
-3.0894509726635166,-2.2541857129143175,1
0.2699900381371511,-1.2953551832793353,0
-2.0329690268669327,2.3942062448484265,1
2.1123419225081888,0.5308994224155187,0
5.058497441136993,-1.6567158650121774,0
-0.12596483349062587,2.5586885910322072,1
-1.0231161637912305,-0.6973632942994005,1
-2.566210106641747,-0.03542503798010734,1
1.1480201348300954,1.7830435844521486,0
8.085749224512044,-2.8788505942744522,0
3.0979714193957726,1.1894272885364772,0
-5.324032039823382,1.5380625279385636,1
-7.450543871937388,0.3369999464145845,1
4.1605659749675326,-4.431481614995676,0
5.354298138663697,-1.1663738128434658,0
0.7669363689731062,1.0562494177745905,0
3.784939301336934,2.5945382169099798,0
6.739386818491071,8.315003332498346,0
2.398644912797785,-1.4888031041642065,0
0.0626410572030408,-0.17432960258790856,0
-4.023014617930425,0.03813825282233639,1
4.355364205338158,-2.0991352383318707,0
-7.274600024272931,2.8863859915217898,1
-3.1454491692533053,-0.780797645070704,1
0.9055334399115612,1.8802973378419208,0
-0.3465319374697476,-4.205357061000222,1
5.4717464648294,-0.4856107026022793,0
3.7020081536769216,-1.219607948794443,0
-0.2614431843320681,-0.23157034878779637,1
2.93096829179286,-2.967347343528344,0
-4.082041250006651,1.95079128229808,1
0.09119594777916509,0.7361530682619011,0
2.313659367653459,-0.02044621928144326,0
-2.8771112183881904,-0.6173717737628218,1
1.7009517421679572,-4.239521738324975,0
5.409730392154522,2.312856058272175,0
-0.4942405100458594,-1.0481486432234028,1
-0.3265463299301203,-0.5940786108889905,1
-6.03363410402244,-0.966541054061481,1
-1.52228324423277,0.8997287519850167,1
3.7351551836710395,-0.9493558127272251,0
4.384585823739407,1.1224024948586209,0
2.495805708380376,-0.5256844537070886,0
0.8024267763316648,-1.8348488693318585,0
4.3732346465030725,9.643002706851446,0
2.3347104422255143,2.040071172913067,0
-1.8943697933405783,0.06868255658888138,1
-0.06638959438912605,1.117896445789315,0
-1.900894740928916,1.9679954196476732,1
-1.8090085256730926,-0.02419282517207866,1
-4.829668914624288,0.4961995196357622,1
-1.121356070839728,0.4623073262743354,1
-0.650899579267892,-0.8665323705521241,1
2.6329837641356826,-4.099505675600459,0
3.278579891036673,-1.3046719843010535,0
2.335005376838984,-2.8107242628439404,0
3.5581374954418568,1.0195847485902487,0
-3.3348608983129036,-1.1494401073041887,1
-4.460939253228049,1.6991921464133197,1
4.095271511335627,0.6711748989957579,0
-1.3665771062032355,1.695987236785734,1
2.1380940430520714,0.5510798918112716,0
2.878964943870985,-1.187428088505943,0
0.13027529207487196,5.131175260850829,0
3.2238658048978728,-2.778223978599011,0
1.0035798013325807,3.8760028480088344,0
-7.249861723037448,0.422194086347024,1
-2.13558754959522,1.4814016689823122,1
2.7971890712533183,-1.1294434277251995,0
-1.967798095201216,-0.30978214503495766,1
0.02355658069798845,1.8752096458251244,0
-1.8473051629804165,-0.02389918580424556,1
-3.0108143379601673,-0.27709689456253084,1
-3.2343520788981075,-3.788673363974012,1
0.3653136226763271,3.233136950703817,0
3.8164101028000186,-0.12709569540989968,0
-3.9689393785472213,-0.6197541931198888,1
-3.251892891253752,-1.5090058443254855,1
2.544849427415098,-2.020150069270476,0
-3.5690638142173245,-1.9723141338481969,1
-3.5136863455004868,1.2722152145887238,1
-0.5543994847653989,-1.4015509176055503,1
3.629149594706799,-3.1012255551603185,0
-3.6811446476135123,-3.185535346813088,1
-0.38303615083826426,-0.9192714373186268,1
-1.2730385312213823,3.1064848457502503,1
0.41750029238923414,1.0777796650674087,0
-1.7052787236882434,0.6276311842708083,1
-1.0077571537123207,2.8138789743242127,1
0.3229637230947761,1.1021000621445551,0
5.1723072521379825,-4.748819840679839,0
3.6542305213583175,1.275797221765366,0
0.6947807317073704,-5.101918981288847,0
-0.07303116598844997,1.9886555525321628,0
-0.8948209562611892,-3.1111029805507076,1
3.539814506001782,2.560317465910379,0
-7.030062154212126,1.6921291049462959,1
-2.6453424127034113,-1.9680107544848597,1
1.4848849880185722,0.3745020565044493,0
-3.7337556523212485,-1.1765395028367496,1
-0.3223534411257248,1.4379019970284577,1
2.4868972392997337,1.8836786485771808,0
2.2874868994192585,5.3871180290631795,0
-0.4907248324682356,2.2686703929906717,1
-3.0892639382824623,2.940014454744915,1
-1.992290800168693,2.5955942031613004,1
3.2983720208801337,-3.983896614141097,0
5.186923891068538,-0.9397936746071874,0
-2.311638332903014,1.3406790999939313,1
1.2603156471314723,-1.827050040452513,0
-4.6786782475415745,-2.2632282840688998,1
3.6563644096810166,2.263040560303506,0
-3.305669339443256,-4.734227751143295,1
-1.4122150805139646,2.77306039238919,1
3.170226128712792,3.2929003977364393,0
-1.3535242200033937,-1.2037507176111082,1
-0.07876904257676028,1.6946341988518017,1
0.7692754188666794,1.8665220347473417,0
-2.6178026231033256,1.257358848517027,1
5.101640873668179,2.6636918716602356,0
2.245923208056149,-4.18794507077585,0
-2.9639959082731786,1.7970640582628676,1
0.30817464604902395,-0.5988805784430751,0
-2.4659328480374,-3.9566193439343755,1
0.046928703185860066,0.8819745868920154,0
8.442224977501652,2.168110688919794,0
3.42308582258229,-3.956536036835485,0
3.0242198999854213,-0.9376579167593343,0
1.0412430732657139,-2.5606609222828776,0
4.636812253105421,-4.6449794330802225,0
-0.11026191866694561,-1.3760838656379033,0
0.3139959201372743,-0.5993287976640052,0
1.2295421265086612,-6.732929085358764,0
0.9677159250196189,-1.7668947408287135,0
-0.7060756101857042,2.843139552932779,1
0.6724940722309883,1.5346321610988993,0
4.894661016880335,-0.27588057594283866,0
-1.4351534915764452,0.13173556267101738,1
5.0270676519619295,-0.20169915417298562,0
-2.732191371690335,-2.7683234230691216,1
2.0262319128434485,0.2665135667841745,0
-2.8743358276653725,-0.018940340701520498,1
-2.0095557547081553,-0.7568511030547046,1
6.8548767846698455,1.594748802178097,0
5.929117635196539,3.4045717033760194,0
-4.971184285282643,-0.8058073345978712,1
0.1751477484249633,2.656798726792593,0
0.8284969654265386,-1.5153467612955607,0
-2.30294326939461,-0.010110583506066683,1
-4.775541486477264,1.252985022838835,1
2.734147072341346,3.498189026394481,0
-0.8333393755977683,0.8337676996977393,1
6.00338333071703,2.5473400849827375,0
3.603068413169257,6.586414410366919,0
-1.1196126457932185,5.494277305808416,1
0.491083504976831,-3.1018572579881196,0
-2.3572919427470267,0.8632442291774782,1
4.4000597303328925,-4.100764609764872,0
0.8222262498952397,-1.721896812027548,0
-3.357234441444875,-2.3655738421825943,1
-3.9506020672973285,2.6538297876002335,1
2.0056696980246254,-3.6101925094573453,0
-5.923360097790232,-1.135109650045193,1
-1.8691292666594679,0.04595811671102946,1
-4.0972043606779085,-1.906972905161117,1
-3.771912829053194,-0.43184678494723444,1
-2.318909073355005,-2.097499939650393,1
-2.164039612778581,2.213660416306898,1
-1.4720530173073325,1.0337790356197163,1
1.4835825474988806,2.2581924369631365,0
-3.0293009376383044,-0.6158796081798427,1
-3.2775346965527112,2.2086555262281524,1
-2.542352164379885,0.33422694212166504,1
-7.619675106410418,0.9031013881301485,1
0.2666395195045592,4.226396729765743,0
-5.747084923232851,-0.7310014404372663,1
4.879927360216961,5.01967031383491,0
0.9416456292830968,1.3120405463888691,0
-2.1949109450102213,-0.0059021450399972895,1
-0.46771688104203735,0.920750061653642,1
-3.582367887050095,4.203989322531912,1
2.3863026756084986,-1.214310566256114,0
-4.862458093840639,3.6787359280594,1
4.339873998527879,-3.565453995850298,0
2.404743313349188,2.7168316087587163,0
-3.4509298571462006,-1.4004419379342943,1
-4.85694089811373,0.15642524588252504,1
-0.31042826860763423,1.6109117322671294,1
3.631094989969303,1.1334189878416634,0
-1.3934395281495138,-2.206419161475706,1
-1.9854305246352633,-2.453298627988239,1
-6.014128420990161,-0.11785051971739421,1
5.289030140333846,-5.411934914355828,0
1.8715364668539824,-1.0218987646234672,0
-2.515990992159232,0.44729629598017945,1
0.9545335583808787,-0.609337219625574,0
-4.309736363281896,2.9796875771537477,1
-1.5090262017985714,-2.398771756863481,1
-2.9806190099280925,2.6202441480875125,1
-1.2558713337515113,-0.07025585539504756,1
-2.5380591667544854,6.4937334588774585,1
2.236645668344229,-1.1276284381602604,0
2.518400436500327,-5.451305658886654,0
5.142653195486525,1.8606066411163344,0
-8.030680764402302,0.6230693419404651,1
-2.032001888786299,1.0928096420350024,1
5.008012495207788,-3.735994481866333,0
1.1515385344099212,-0.5775699753278601,0
4.4019708388670225,-3.0523727987347984,0
1.30575778260202,-2.4699080748551774,0
-1.6095705871811599,-1.2790463446352485,1
-0.2973659261154532,2.4713404191291257,1
-1.0647430739939356,-4.1016881789028625,1
2.204753051551171,-2.8531348159959613,0
-4.439129397794921,1.2401253029831392,1
0.5591074367457394,1.766715544498341,0
2.0550975198612766,-0.6405583858717224,0
-0.517475752885624,-0.30244714238042736,1
0.01739567933761493,1.050706340738122,0
2.2633276741446657,2.8400819289628334,0
2.9249017719967685,-2.9465597011970504,0
7.829218510099867,0.9638133546696092,0
0.720651175769524,-0.10369673197326419,0
-5.031418352687927,-0.8151107522036068,1
-3.0410587316280604,-0.574721505968156,1
-3.731679161955662,0.2687244400468652,1
0.5595924156617699,2.048220861660114,0
0.7148010364322491,3.325584621311184,0
-2.4009574880720437,-2.3282182833278973,1
5.604628302938173,0.5877082786812431,0
-1.969082285231372,0.1770368400945925,1
-4.600655310565495,-1.9663468679016318,1
2.365272148122933,-0.092951170418799,0
4.874339204802692,-1.5697823159824633,0
-5.197883454290477,1.5880790506363738,1
2.794552153498543,-0.06373463590683864,0
1.8064338866413294,1.6638075137740311,0
0.465684492952791,-1.137355832735039,0
4.237299391510825,7.580460336273035,0
-4.200632438453139,0.43658512053916726,1
3.128895520981384,-0.006474992407547841,0
0.2584150631890433,-1.0149197158362258,0
2.3064623205503882,1.1427470870249716,0
-4.15685879566826,-0.720341385231354,1
1.0960111833502766,-1.373631758412285,0
-1.45155796365262,0.35900284128365806,1
-3.491188287246244,-3.661611415743442,1
1.6178149682471699,-1.184681550386611,0
3.303570040759647,-5.528234916853917,0
-1.3665784706219204,3.802482844070791,1
-1.6313235082516107,-0.5069504961394798,1
0.23592598695947684,-4.560938119921672,0
-1.2076923035691303,2.2141504289592393,1
-3.40139825666197,-1.97479945510117,1
8.517190920722163,3.777525316936563,0
1.1250428681384368,6.289553436050101,0
5.591810676863819,5.58534291496875,0
-4.285883037073789,1.0330723987897625,1
2.357713217237757,2.187933479599913,0
-1.6221815955478844,4.845511730457717,1
3.6038179735471396,1.5682973912409046,0
-2.380805433222825,1.8673363174769386,1
-0.04428976557240327,2.801424731938208,0
-0.6121459366972375,1.7280454113255945,1
-3.5585683472169265,-3.437365765364757,1
-5.643308707966048,0.554962205967758,1
-4.232015372741698,-1.6908476674788622,1
2.9574331156886284,0.8174704486221455,0
-1.3895830338287898,0.006354497160907919,1
4.937696067230338,-0.09016978447439437,0
1.184470950919716,-0.9090489587194178,0
1.9300841558023207,0.62492241105571,0
-4.434235056181505,0.801458039826479,1
-1.9700200337162865,-2.8499362068409053,1
6.684049881731689,1.223366898246936,0
2.1787139278680194,-2.929265402470636,0
4.176604266299417,-1.9940771250281102,0
3.9811678461940296,0.720321721579137,0
-4.779770199492026,-0.6445477067139431,1
0.7231126068542182,-1.6673375827311354,0
1.655622139902065,-0.06226916498946623,0
1.1569222233842793,-2.0962539977811216,0
-0.9170007839914711,-0.4607353201549283,1
7.040790083004613,1.6065901606534925,0
-0.7358635904786075,-0.1534910915760968,1
3.547998431492706,3.185892892074479,0
0.4105478803276492,3.0190336753257547,0
0.5499746022319594,0.4812552175562488,0
6.523466491293928,-0.5464347903706231,0
-0.9606354615690106,-3.2043345598754804,1
-0.246915024623204,-2.9124823235833217,1
-0.821517353470199,-0.07125966466831567,1
0.5767751540367939,2.072031808623513,0
-2.4491260736045612,-1.747834333354913,1
3.5803190235479514,1.3711325016563225,0
-0.14759371114566,-0.04736524890574934,1
-2.365888840440579,0.49803911164969994,1
0.804630525043676,-0.5620673455653656,0
-5.292083579708554,1.1830187587576275,1
-0.5933062128671088,-0.11821346244977479,1
-0.7637732837188814,1.5141047646480232,1
6.539594269541454,-4.165453691689297,0
-1.0690025936452123,-0.10486807985441371,1
-4.83025780839977,-1.0042536506615345,1
3.280017952323053,0.9181923534151849,0
3.410852606745316,3.3599398003805,0
0.28975503406122405,-2.335119900179559,0
-5.2245155104519725,-0.09628653892701325,1
-2.319561575263406,-0.4139146332252509,1
-0.736660251350228,-1.2295416443236253,1
0.42897546456318675,-1.2875692935884413,0
-1.0449626163262458,-1.3542000152809819,1
4.158874239993103,0.005016609673183406,0
2.2690967664547315,-4.37924000750919,0
5.473837691974931,-2.380768484189646,0
2.2537805341761183,0.016526511719117763,0
4.630813101136378,-4.491612024625931,0
-2.78316611389034,0.29208689991923886,1
1.221487097750175,0.5016632064348665,0
1.1109759739312264,-0.914150484733089,0
-2.8496725221735506,0.39036249509003074,1
-2.0370225433629323,3.3504084648053873,1
-1.001454269261504,2.3964941765401195,1
-1.317566750236954,1.6368962714464188,1
-0.33224180907010076,0.3965413923432714,1
3.685025139208741,2.2572278931826113,0
-0.9796922673935311,0.10497516021670826,1
5.756987020585866,-1.6718862115338793,0
4.639750149152427,4.64552717016311,0
2.3145423083781074,3.5438208453401097,0
-2.8675546210250755,-1.5016127433359816,1
1.8467110296141604,1.7041278273753737,0
-4.811850044316042,-0.7169277659173029,1
3.3626033787238017,-1.913807009743687,0
-1.2158625213351295,2.094355482154263,1
-5.688854681218052,-0.43641880606340167,1
-3.8120962638801856,-0.6480748082164587,1
-2.8549396677115237,0.6137871256897552,1
-2.6792919629256575,2.4378513745092034,1
1.1132252590156746,-2.3341469188136594,0
0.869967676330746,1.160030266334401,0
2.19277939649572,-2.212548194508775,0
-4.660566435181273,2.2653027318671293,1
-2.3310813847519953,-1.482228339494878,1
-3.4994404894282933,-0.6856389321415107,1
-1.8152379342159655,-2.5480112909525827,1
7.062370764654131,5.7683408063885535,0
1.5449422634057104,2.482085587374521,0
3.0848217318719757,2.0455289001679433,0
-5.270026734088847,1.2329360071713789,1
5.0464756866776375,0.5184000865336513,0
2.7734238009020165,2.3280738228798747,0
-3.177725794338711,-3.1873060141341503,1
2.9356816288196335,1.6286261445345005,0
1.9133677447037727,-4.098617120339499,0
5.993544241762102,-4.1918727473745605,0
-6.826334893069105,0.4713012355430461,1
-1.7008739069558152,-2.1101899645369593,1
-0.8912382267470138,0.6594741826800528,1
6.036381892661458,9.113353412681082,0
-2.8217316742609344,-1.7169211084847094,1
1.2705357820055214,1.6065990263633425,0
-4.126738344220997,-3.92425189418896,1
1.332860827894909,-4.1434237411408015,0
0.6260757909322121,-0.7023702398253971,0
-2.5608903245402863,-1.5731012548645378,1
5.417871349663108,2.6978552145224275,0
-0.013365393256141844,1.2994065112855147,0
-5.25094083864958,0.19064862701147622,1
-0.2761127569072488,4.980417398162194,1
2.7980278273369854,-5.252636585236451,0
-3.082616559496833,1.4771831595808822,1
-0.6156720689615578,-0.1154683988453844,1
2.368809393312478,1.228111396975884,0
-0.19666103156892695,-1.370086677800933,1
2.0409202460029228,0.9049709467372182,0
3.681669889663365,0.4464504773693226,0
-4.51220000691311,-0.16141845900291096,1
2.5157401818068394,-3.9998085821100533,0
-0.7570880295104363,2.4653030125741844,1
-6.202614860047736,-0.2491562102103689,1
4.462254920767216,-2.8027606828976346,0
-3.1671234328892157,-1.630327695077746,1
7.094599436208996,0.7720044571662649,0
2.947287463073402,-0.6088939806089376,0
0.7880693168197297,-2.2142610678375574,0
2.918932633568533,-2.159247979619128,0
-0.21042590365829242,6.499278089560994,1
-3.711802084288051,-0.6980144970163938,1
-4.628996011145693,1.405193531561839,1
3.8775422177245695,2.675904186656865,0
0.4544833836036408,-2.2543288814094242,0
1.4167956393930121,-2.1566301525924185,0
-0.6623197135091243,-2.1741572359802888,1
-4.346884430897119,2.177986552224939,1
-2.0926898744477658,-1.6710462601010112,1
-5.015645080914107,-2.9395528593201066,1
2.598110578232089,2.144896658124227,0
-0.17210773496294093,-0.04225817336087906,1
0.8546419474356821,-0.6675185476242576,0
1.9407562345076126,2.2554840213753535,0
0.3285459701975756,-2.5937078931459183,0
2.6418064848295626,2.1017677025969346,0
-2.4130242933859005,0.9683365925536309,1
-2.3202536783396717,-0.06312917906092182,1
-4.653464188610009,-2.736691130529183,1
7.5771579929243975,-2.213121969881888,0
-3.7704486602242855,-0.6600119523846818,1
1.4650097973642662,-1.0095329751443909,0
-2.0242264075874647,1.816057976044922,1
2.171829082708018,0.039759022547757296,0
1.1469842481749404,2.0433160360363427,0
1.67412095967832,-0.5814612483994405,0
3.3639927661368714,-0.4686902498393336,0
4.3234713243364205,-2.9698284621229,0
-1.98306679646122,0.5484685570818122,1
7.546652240863603,1.5052318547809025,0
-3.436287028645856,2.7831792482037403,1
-0.5108438431502769,4.302999715598206,1
0.1674010533868571,3.5888828695668265,0
1.2203081851553272,0.8741028009808426,0
-0.18196638059785564,-3.66456235585727,0
-3.8525224429483877,-2.704370317288562,1
-1.4211993952104176,0.06062107505775892,1
-0.6288122027851616,4.1552684261938735,1
-2.8643062887478625,-2.4797535642188584,1
0.45211677093111946,-4.2341238119007745,0
-0.38614098318538126,1.1290491995712515,1
6.35857392351221,1.2380907594421278,0
-1.6108469257168283,-0.010120201344862712,1
-1.510041801995499,-0.3276878527534975,1
0.9276834086731534,-3.333936772414994,0
-0.5875134542182321,0.13906573982513698,1
0.7175835918903475,-0.9066984599900496,0
-4.412455489414399,1.7818014082490796,1
0.9386420232023411,0.8757444376616409,0
4.07439832229705,5.5865958417978625,0
-1.6560114090345195,-2.7700224419923316,1
2.4949571053726687,-1.4062865707539352,0
-3.1988656809442526,-0.015517752380944954,1
-0.35755349628730504,0.1530775096520232,1
-2.336428295126443,0.6897064179313019,1
-4.252533408929782,0.5638316536570057,1
-1.8501246550287078,-2.494839193949517,1
-3.248344197871135,-0.4690142224980487,1
1.2321470959309864,1.2441792069999604,0
-3.2602598309353485,-0.5436660910099013,1
3.9298258160732957,6.73989447295099,0
0.7410147235771551,2.953805613631982,0
-1.9912920645850003,0.6281024353851772,1
5.0943679633412255,-1.1911036231571237,0
-2.427830540254403,0.9415656309253254,1
-3.450211357753104,-1.4138422725436262,1
-2.299610456707896,-1.3539042069177225,1
-5.685933055763202,3.433725100416242,1
2.316657589044866,3.2982422807721843,0
2.519447613556586,-1.0414412908445716,0
-1.4616797545674791,2.3369293158684643,1
0.2817141103323309,-0.6528915275650545,0
2.9886258506103824,-0.4016209448120322,0
-0.7919012262615353,-0.9588821566609704,1
-2.3752435530791005,3.431236736673832,1
-0.8572325004420214,2.51984410841397,1
1.877522918600686,1.6583364809928247,0
-4.416736000798562,1.0834749266168164,1
-6.766882994973735,1.4066880434132867,1
1.4857629518739366,0.806656985830324,0
-6.34380435730428,-0.23723313319921913,1
-0.9120063483352251,0.43066598672871315,1
-4.127362461284111,-1.4843702035375776,1
8.209940343515916,3.580752808052312,0
3.271309543967266,-4.04592467838455,0
-4.519908391930999,-1.7240331157233948,1
-3.2598607179732033,-1.2994403956147775,1
-5.03275957293396,-0.29002438096161476,1
-3.045922223497367,1.8362743464986044,1
0.1352664060176833,-3.6149655368178824,0
3.201257023200349,-0.38388398752883096,0
-3.1722707941584307,-2.2880345401599897,1
-3.8293802174195988,-2.402987562750472,1
0.1200297379928149,-4.016074154261413,0
2.0324999211710835,-0.3948332856401013,0
-1.8932408347864444,-0.1992906199592536,1
3.1771046289740945,-3.3995162854320164,0
-5.873633351604606,-0.21378605867776665,1
0.09580894008013902,1.950948820507643,0
-0.01821461774652528,3.373489898428818,1
-3.4724498370812293,-0.731339024494387,1
1.7561550955934635,-0.3307309120149369,0
1.1506177139236398,1.0715974469556206,0
-4.359949158468065,3.463479831734834,1
4.0033048290800295,0.5316474298408927,0
-4.473250135639245,0.5948070084048906,1
2.0323600686489365,3.6067163645042046,0
-0.2508094178774654,-0.7040944250151084,1
2.3133865122850237,-5.420148258007279,0
0.01979049063101791,-1.7466313459372316,0
-0.638933898578347,2.5567289021256516,1
-3.021752622927793,-0.0955674511842912,1
1.0431257108043066,4.1896004608489905,0
0.9560124607890058,-3.2339697318889082,0
1.482681132049488,1.0118813742786732,0
1.6474070468787982,-3.5020507651267043,0
0.1635218391716006,-0.8242964707349443,0
-5.320123752288444,1.2982227537305409,1
-3.2927236781584894,0.7896162917555872,1
-2.5855157543581027,-2.059183740778746,1
-5.112837928382268,2.7974890380116366,1
-0.3792267107151184,-6.569076244664056,1
4.529781355489432,1.6798464091422989,0
6.950687916085347,1.380947379675055,0
4.65013984233741,-1.2767099202759833,0
-2.1854860321676024,-2.8362904427378646,1
-3.7674074187928555,-0.6875519638401424,1
1.068128309291781,-1.3117693228756475,0
0.865055558029311,0.048274327581788685,0
1.8072039153703252,-1.150647438651221,0
-0.39740785295619313,-0.39927257479933526,1
-0.872874760956615,-1.4104415484624995,1
10.268801231647362,15.569607780244242,0
-3.52551125218168,-0.7779652877896654,1
-0.4054091385395628,2.5472780727750255,1
-1.4200438779160294,-4.626373348132475,1
6.570397496836507,-1.2135393105654255,0
-2.007456267751391,-1.4233652569795712,1
-3.5078875891667334,0.586545697272286,1
-2.561888942188626,-1.1739122000303401,1
-1.340496731113389,-1.5356542064863328,1
-0.6747757487542123,3.0190368354405903,1
-1.2615259447573466,-5.465565273365146,1
0.6887260737754785,-1.5668075420797811,0
-0.9314425090270229,-1.8078969385667245,1
6.465880697518241,-0.5366766833320834,0
0.8874523682766037,-0.9417637232933965,0
1.7563752122170702,2.2434856828867735,0
-4.730166090805287,0.598859544791643,1
-1.0351334596551078,-1.5863039540968238,1
0.2984311662469284,-0.3253672536676264,0
0.575300314836053,-1.5763969614767177,0
4.416586614161128,1.6932991679106753,0
0.7868799913859502,3.0643839617139084,0
-1.2754504672175093,0.3528296051261953,1
1.196840803907418,2.114756667754084,0
-0.8265519611462087,1.4532371546092675,1
2.4692690140957687,-2.719448510570761,0
1.7930103234630752,1.8587807286809541,0
3.4327649411341996,0.724050171649178,0
-4.219405463777968,3.9779780291481632,1
-3.601573512959486,-3.046419355138983,1
3.557539902976779,-4.163843232969923,0
-6.817303077356422,-1.4115906350960286,1
2.5180653370118486,-4.40764592920651,0
-5.879707008644842,2.1003859824819204,1
3.085332095102008,0.22020059365302808,0
7.054319633544316,-2.17821345329864,0
-3.569056714864165,1.6547244740545508,1
5.12919660640131,-0.8860711269906766,0
-0.9214773089450923,3.1104415321009666,1
-2.2180649847299865,1.95188425528039,1
1.7405762294188316,-0.7012355331392387,0
4.230479658307345,-4.525769483829993,0
0.02446695846807859,-1.0937415558785981,0
-0.3730721802994624,0.05591235396304563,1
5.479464250185737,-2.093154588661132,0
4.085915164877651,1.2124440662940652,0
4.441046111463479,4.464719756876597,0
0.7748046686284679,-0.5716422217221097,0
-6.601257156478203,2.1233657946682643,1
-5.135752546640744,1.0369678922882066,1
-5.634102036782698,1.269701372144118,1
-1.6576424969390142,-2.304084431837735,1
-1.2969125744204046,2.3235615520848745,1
1.24566758016507,-0.5830511079483829,0
-6.23192944566276,1.2451097980579884,1
-1.991316483166495,1.454107382897257,1
1.7495358752970176,0.4994092755109484,0
3.1865489545210695,-2.588356662690839,0
-3.0896935904628697,1.1130944594052545,1
1.9105254886019796,-0.6878241809534746,0
-1.9523455454386918,0.6534979169332145,1
-1.2695064937269223,-1.03701902313648,1
3.755048877126851,-0.23478783449594517,0
-1.3142387608411203,-0.7915311670849834,1
-1.15545886945767,-2.207924822391918,1
0.16596742035247228,-0.9396940779466294,0
0.5401055478227146,1.9164950497321516,0
2.7889918751288825,-2.6627597960675473,0
-2.450734137668746,-1.269551179249357,1
4.289260872115034,-1.6967729414069697,0
3.782742241264381,-2.2060018581740413,0
-2.003489833740821,-4.033766440841634,1
3.3323987661873007,-0.6409051370930701,0
2.3284413183359565,-1.5270348758133427,0
-4.464843827671822,0.025535857914394663,1
-4.250004725518006,1.3347812811022928,1
-3.8463037475493937,-1.444066812955249,1
0.1589587108776341,-3.837016968928693,0
-2.4628673630219766,-2.633154752187357,1
-5.221998271711304,-1.5775218681453989,1
-0.15051332319738986,-1.105694851821719,1
-3.612027215256659,0.29923589330561573,1
3.1891075020450725,0.8213920648475318,0
1.3772851385354057,2.661578307679885,0
-3.943261627313906,-1.0713044688957405,1
0.6879389627482315,2.763999607436869,0
-1.4857485341986005,-1.0646328909306242,1
-2.137769936090594,-1.5741190399044287,1
-0.5220686970514378,-1.126689709606058,1
-3.3363270975812993,2.755537845812753,1
-0.38434854682888947,0.7005490669613016,1
-1.1471882270266012,1.1500317927141925,1
-1.9332344032001485,-2.580442543021349,1
-2.5880877142830396,0.33755380729389256,1
-3.897738421225497,-2.9771259501172977,1
7.015743351197695,2.8134091503723875,0
4.371500010504365,0.7616521729157991,0
1.7377936836987171,-1.2514666290797098,0
-3.71950495327837,2.128432746379895,1
-2.2864742503933377,1.3761222880205042,1
-5.275054216147067,-0.22641068214282153,1
-0.6488989566759706,-3.104681597119023,1
4.41101410445543,-1.2012506338231563,0
-2.662814742440853,1.5029125825813243,1
-3.5670535347895687,-0.11344342764925115,1
2.7640853818605353,-4.087294934680861,0
-0.6987324054251148,2.1644465006153735,1
-2.2579300209749555,-0.9856873764465562,1
5.674348349104178,1.3972592462569768,0
-5.169838652582687,1.004214137690283,1
1.7573931785581836,1.678539095431721,0
-2.6509728840657294,-0.9245721867641603,1
-0.323924981264656,2.9365967503385013,1
1.8538017451860151,3.444716553355965,0
-2.8554643578208716,2.0839363263441024,1
1.198125813254663,0.2505738088422251,0
-2.8158384007205055,0.878677738685377,1
3.322583072119319,-1.3615572729269334,0
-3.112779700706807,0.012457125605167398,1
-5.157862285950201,0.7798299996148222,1
1.0381598679564126,-2.0394745902890477,0
1.5269152071594034,2.99085150097777,0
2.3513849685711663,-1.5467972699920909,0
0.967645278592555,-2.1190330327364983,0
-2.8233600229719076,1.6304593829878875,1
1.8700950967733587,2.0844407846958535,0
4.733785551899456,-1.7547529281675676,0
-3.7741572550539075,0.4374946598173326,1
2.7633156362724045,-0.03873177794486035,0
-0.4123939758286276,-1.5624365729588046,1
2.2618411884774074,0.9559003620736213,0
-4.019883398635198,2.7163797400626875,1
1.6294640866352104,-3.074673527919474,0
-3.911623908728151,1.097900326747046,1
2.9531836658652857,0.21678534963717083,0
5.9347544631546665,-4.233676112281214,0
-2.5774551883998966,-1.385409718024615,1
2.905417408005406,-4.473365983131204,0
2.5396571438270312,0.20822793485788374,0
2.699755098505664,7.543394902234607,0
1.3726581902665045,-2.555619054309632,0
3.85570471339511,3.6897285147774666,0
0.27154966759410815,0.7918935478876539,0
-4.949889866611038,-1.8862431307595755,1
-1.3720304198174904,-2.9642976091492685,1
3.59366079490026,-2.4859602100820215,0
-0.6568145186720138,1.564638892718522,1
-0.23844072649810072,1.0362298773226226,1
1.535266418647962,-0.3160095332167712,0
3.4994521109376917,-0.9462384553372056,0
-0.8676627145059757,1.7451914809836668,1
5.70162279956139,-2.5380293512108767,0
0.4795235170594687,1.4245251678210384,0
5.436699272593706,4.8323713866192035,0
3.1640498073706906,-5.866890885526017,0
-0.748535873113633,-0.8298804610216106,1
-1.2796978791406013,-0.8587382202058305,1
-1.1301149856948653,0.8633224374248778,1
3.286067932762831,0.004250332288631243,0
-5.575641298838795,0.13441021322342864,1
3.601067153080819,-5.249070144837829,0
-2.8038089757937787,1.0205513697554869,1
-6.2842409603567875,-0.46376574986104285,1
-3.6030189046521226,0.19737351972667264,1
0.029676916348058635,-0.36197087453333804,0
1.459747266151615,0.6228989678077894,0
2.148737144587496,-2.130344106866621,0
5.501744173866832,1.5471720909361644,0
-1.340824976995504,-0.3317709455497064,1
4.130147068989257,-4.34565088444287,0
-3.1360054837103286,-2.520850032208063,1
2.8660219541738337,0.7520185598866495,0
-0.70389721399454,-0.7895180705814983,1
5.0732807194541065,1.2860375761067302,0
-1.729712231921632,2.1938285625504945,1
-5.217053084185602,0.4904070477293056,1
1.7021672695229708,0.8374396585051257,0
6.24034301064795,-2.591537938936997,0
-1.4936019788466461,2.2834433756153416,1
-1.4913544372370842,-2.626490450563854,1
-4.444263555640367,1.4184126057629636,1
0.05428244940603575,-1.2147190308180154,0
0.5435738026523528,-1.3839229494801901,0
6.702409065839031,-0.781120668369512,0
0.8710329741535213,0.9965256831851289,0
-0.6717924010198117,-0.6658734634591984,1
-5.753722396284575,0.12202226689805669,1
-5.336259413457057,4.874180064266122,1
5.78619769270379,-0.7607472003199643,0
-2.907639528161417,0.3032502091849294,1
0.05225908562947852,-2.963089582624767,0
-3.1882146469286075,-0.31606088725334475,1
-2.4324520848715863,-0.13170039443700057,1
2.4231671439963653,-4.0673677697613515,0
-3.0041684066151157,1.3434614898256079,1
2.398291904376835,1.2765650322788218,0
4.6615198279440975,-1.8267960604925355,0
-5.482456724970838,0.4319964966961807,1
-4.686525331042934,2.2767597031653377,1
0.2737096494743089,1.0959293247209125,0
0.006797924102095115,-3.0874767923274575,1
-1.5230268105170843,-0.2626809373150252,1
-3.109872435108716,-2.861310035934838,1
2.721516286341074,2.795208324659032,0
4.529740541413922,0.9541157856161294,0
-3.8008391748225296,1.3665196997585516,1
-2.9680046402196525,0.9686241835026494,1
-0.8361904945368607,2.097160885797844,1
-4.156004804120935,-1.6465208796679702,1
4.453714523155256,-2.1793867972355474,0
3.3410237328341177,1.6404162897044507,0
-0.9302734423767005,0.5762520016556021,1
-0.9128177675936061,5.1289743898490645,1
3.854410343021086,0.18966649462631066,0
-5.77004033549899,2.5566580877063143,1
-1.434943403134077,0.47198211984834804,1
-4.423849060266709,0.8659593921720699,1
4.245385765961512,2.8852133144976357,0
-1.1225760559198654,-2.37714415701966,1
-1.529050818733953,1.8586958715708097,1
-4.756590730508583,1.6631349575247065,1
1.966984571512778,-3.9342148965986508,0
-4.301434283474505,0.2959567215412321,1
-4.023294031440904,-1.340256700277515,1
-2.641203080412863,-0.06964836302672128,1
-5.1583220628999875,-0.8112328730785143,1
-0.55099029391687,-2.7817180317707018,1
-0.1294071340237102,2.8100999850217723,1
1.46247343202002,-2.0194416331491336,0
2.9287673771479135,-0.5615922543414185,0
1.2484678182964037,-2.3874054343694135,0
2.143816195758711,-2.20026599424208,0
2.7496514677458417,-0.5843378924095972,0
-3.974753647283259,-1.3588483391116044,1
0.007928433464587251,-0.6401131121825743,0
-0.6713194949343135,-1.0225193839540387,1
1.0506897183555326,-2.1312110684106473,0
-4.2855207499787475,1.1658541390196557,1
0.5216077284454459,-0.7644586318952595,0
-3.3581046809933066,2.0530861970462944,1
3.5483418996929847,-2.5448061053546276,0
-5.475970012711343,1.3613327595115166,1
-2.2298060537084416,-2.3068261511716575,1
-1.3062595893697597,-2.1202207819992074,1
-1.84179435551596,0.6542525639428971,1
0.4984857222602791,-2.2297488973326036,0
-3.117379129922807,-0.873699794798406,1
7.610947108066937,-0.6330166342671609,0
2.01254632586125,5.471249599490752,0
-3.9867905222036453,0.009531817488711057,1
4.986602317183046,-1.9725221363402952,0
2.205457519729239,1.751144594569903,0
0.2595935690039481,2.1032113576906326,0
5.920095720845593,-2.6168217105047873,0
-5.6184056842719325,-0.5230338759122389,1
6.040037534066913,2.554605211668221,0
-6.24109851027411,0.9029677847235253,1
-1.37334362786471,-3.861146850684131,1
-0.6632339216759814,1.3716728930620095,1
7.119841854737249,-2.9808913009454843,0
0.7037560385754141,-3.24047809338194,0
-1.7251536323663865,-0.031048154674581413,1
-3.447753702720141,-0.42087076799455897,1
-3.3294903831879306,0.9512514738864868,1
3.133809295000356,-1.0743897171012868,0
3.3467228784673657,7.398179645776675,0
-3.1121418104929233,-2.2187354816655254,1
-2.374226475817884,1.225779120226486,1
-2.085015401908922,1.4592910474630483,1
1.8255290087257554,3.3203523375129143,0
1.1503743536055242,-2.5889711155171358,0
-0.9511890474564199,0.08150404175703994,1
1.5833231845297568,-4.957157928030659,0
-0.7507696517386441,0.18897111270786948,1
0.7508496416285289,2.858597563941332,0
1.420290977771025,4.709377039250297,0
0.24521673180697964,-0.18498657366811752,0
1.6264312580480238,3.8815861899731208,0
-4.4301750536583295,3.311727308659268,1
1.8046420891477932,-1.468490793367106,0
-1.4849361865647315,-2.1747348153327377,1
2.089997123892101,0.7580417171317013,0
-5.466735604246161,-0.4348600475140392,1
-2.8107994661196294,-0.6564439180288533,1
1.8565182780598224,0.1332999851637679,0
-0.6337207769567433,0.6334228372709658,1
-0.42998799237341134,0.38737544372013183,1
-0.8527018127480346,-0.6170055881362563,1
4.666056376398649,0.012587770311310907,0
-2.4194532480557025,3.113118094858311,1
-0.24267058398975622,1.3705441061162194,1
-0.18880509373483756,1.4657483070937962,1
3.6177106458557886,-1.871687189864755,0
1.3980117500065516,0.7924316998153954,0
-1.5153008657238713,2.536300479547295,1
0.14627391327573522,0.9804373552509729,0
1.6392028902150635,0.7726455466612263,0
1.0641327811169525,0.0971380831640304,0
-2.870369932236121,-1.1134625800141813,1
-5.503856835355307,-1.052554368469898,1
-0.36882648103059923,6.0978578955942995,1
0.8320409985659556,-1.8484787054971765,0
5.165502255101626,-1.7549705192232163,0
-5.901136362675432,0.14874639941332907,1
-3.1886721235126543,-2.4456471340677437,1
-0.9884747042870996,0.1298456510508136,1
3.967058778837521,2.5686445609369266,0
5.403425496950017,-1.3826837446042337,0
0.35601846732996933,-0.5000336162052772,0
-3.405183059818014,-3.1090788323308183,1
2.6502032043464747,0.47515279688296286,0
-0.8164589352370231,0.5464292466514614,1
-1.8911280468858762,0.9206583002498641,1
-5.712814929355574,0.36465833139642223,1
1.0654765874694718,-4.5419661526676345,0
-3.9696571273020673,5.388556918347335,1
1.9099919597266288,4.246739582588809,0
-3.762894162441671,-0.3251124223857655,1
-2.392125707147722,-3.065394931006661,1
1.5506556954922475,-3.3817588954373226,0
1.0855768872539975,-0.6241075341221589,0
-1.2523499345074025,-1.2238666993606602,1
-2.3729594207843965,1.3404206609186855,1
-1.1059007119626445,-1.115875724528563,1
-0.6387417452577475,4.88838208452426,1
3.6598182015405873,3.752440518724247,0
0.727503753591514,0.8012579714915248,0
-4.234502409038124,0.4857882800324725,1
-0.32892494531599226,-1.6087366884172452,1
-0.5036089028755887,-3.2543621249705326,1
6.219274098641571,-2.888369380680482,0
-1.82020294425374,-3.2065037815306887,1
-6.687073920969636,2.158479722589402,1
-1.2794969910321214,-1.4309533680989728,1
1.954294991373233,2.048752482647336,0
4.832845655962181,-2.8304757320435026,0
4.141677343490703,-6.060560305675803,0
2.950066357287017,-5.239332201573792,0
2.058086424368522,-2.9223319899022737,0
7.952205448025127,0.19360807911544323,0
0.12343073686830626,-3.052251869063444,0
-1.2593274477434093,3.2487466445561095,1
-1.7235171133570186,0.2072684666690379,1
-2.395447053145169,-1.9134474447427336,1
-2.7207397654138727,-1.4145003821418325,1
-0.5387149616257305,0.258147191543354,1
5.798361561129261,-4.368887928714774,0
-0.47435731133631226,-0.9352379480456061,1
-4.716081568101918,-1.268628969944974,1
0.800526752916136,1.6637828464371123,0
0.41121905980240697,-1.0546856195464802,0
-3.591718965712872,-2.0504023982042994,1
-2.899768845146784,1.245314593050745,1
0.7255782052453804,3.1395867967916034,0
8.784828037405024,6.60382014934094,0
8.484615468486012,-0.7922448327531255,0
0.8718433056700846,-1.5170748459746783,0
-2.983337196740887,-0.8611966636487084,1
1.4183374581171118,1.8479002216960199,0
4.17231096687505,-2.539166738304919,0
2.111172386876224,2.8430464639761825,0
0.7402474217372501,-2.0827431293071994,0
-4.204655644540121,0.5764573661888724,1
-0.682210726692947,-1.6565119283875935,1
0.5989886408248202,0.3911727278702637,0
-2.8644311087724583,3.6023132270825617,1
-1.1586904170321328,-0.7027835508999938,1
-3.060865856630446,0.4700254419593236,1
1.016900373716347,2.4979633252458076,0
-4.534362629162523,0.9947709970921262,1
4.66378822580967,1.862519395810361,0
-1.8144797043974432,0.5281576709235177,1
-4.077855331531414,-1.033873687439921,1
-8.105390964873973,1.335488857086894,1
-4.275815766340693,-0.11455174924848587,1
1.393320444715377,-1.08233891955387,0
-0.508054119602665,-5.283042938556514,1
-2.115541885889427,-2.4344555302944215,1
1.0542870454698299,-0.3012682377189612,0
0.09433524998304506,-0.47962189556120544,0
-1.2737926537524085,-1.8652993856608786,1
-2.910870647202364,-2.8118819939473267,1
2.0528183771253317,-4.570633134519856,0
-3.3475144244698463,-0.15723621077617636,1
5.665780634709952,-4.203433486010383,0
-3.540023762344261,2.1852130250130393,1
-2.200012708863336,1.2018818116312844,1
-1.4161694700858363,-1.864305251399102,1
-4.996511930111501,1.2522847740586103,1
6.688393900117442,9.885459162336899,0
-0.26932572982411435,1.0197215989916772,1
-4.0415045791953235,0.25007139820647134,1
-2.195074177061781,0.8158497910384225,1
0.314603705273584,3.4075697647344185,0
1.1042527841150405,-2.3079268004424818,0
-5.0982702023673445,-0.7960382193608254,1
-0.9598518069148675,-0.8373698243177243,1
-3.1125296109186857,-1.5709199842042239,1
-0.42853200464860614,-0.0970010379933093,1
-3.61383426418395,0.40978741571669564,1
1.9091131486986894,3.1168539754304847,0
-0.3871346046201656,-3.708115286426148,1
-3.8815241251958335,0.8211601232596025,1
0.9214398304025846,-1.166243384391993,0
-2.3308976809749486,-0.41751355099089277,1
2.2460932225018166,1.3195250867078478,0
-3.9855544553572146,1.7446194762070062,1
-0.12149567712643056,2.3473033879241516,1
0.8757858928420488,2.768299553097826,0
-2.3072659892751677,-3.131610344601139,1
0.6687453024241385,0.02594023764922539,0
3.7853830633749865,3.0975388702475697,0
2.8482605545620436,5.096770593415184,0
-0.516084538483015,-0.17894612602960266,1
-0.6763190671287246,0.3920800202908685,1
-0.5831984647619434,0.3890487880087553,1
-3.712032353426093,1.004320549590964,1
-0.7652185743397464,0.28765010160739574,1
-2.419511385065014,-3.7681571737972823,1
4.923842332651751,-1.5945386703579651,0
-4.535275895010528,-1.6815367825223975,1
4.745487179840373,-2.4708918906277835,0
-5.6714840215971565,1.3904623095395632,1
-4.098987978685999,2.5344113283019394,1
-2.576485141984061,0.5982863754841381,1
0.07438041622911747,2.879280806005783,0
-2.318289081266829,1.8275262055753023,1
-0.2167455614958529,-2.8578900329997943,1
-0.4116786234462533,0.34531686361261865,1
1.3210423765166397,-3.0482821975637213,0
-2.1708062817108043,0.9684842552561502,1
1.8533103097097599,-4.74043503687277,0
-1.6206568690891467,-3.188417116227576,1
-0.6491641901132005,1.484223248458529,1
6.573591233253785,-0.33594594703252806,0
-0.8071975594439057,0.674300356553485,1
-1.4914563995434413,-0.6455026693342517,1
1.0591978715223267,0.1349791107110809,0
-0.45977086235771814,-1.1357575079945483,1
3.9761594941142206,-1.5740809242388965,0
5.234415644805901,8.884691762586375,0
-3.5470132140810824,1.5866388848258883,1
-2.737988238945625,-0.642028131505394,1
-5.208686739250468,0.9358669054429026,1
1.2976693899012735,3.665727152988614,0
4.6187210511974275,2.0985242380175184,0
1.7122851056254826,3.614442234018716,0
0.7739964085398617,-0.5809335758402955,0
3.8221651505231007,1.80243747849039,0
-0.6571043026230968,-0.4632801813373467,1
-2.7440914636807037,-2.3129333984514706,1
-2.7586306618503125,5.307734514918544,1
-3.2055965802520965,-0.12319612748818401,1
-2.6063208998177765,-0.20547149601843692,1
-6.298649985024727,1.2497690397253558,1
-3.789971735809431,1.4435261496135816,1
-0.5691131044018904,0.38514754596486145,1
1.7142233006724705,3.028916662240617,0
-0.9267333714043785,3.7854418640863265,1
-4.050398763697189,-1.3623997387701403,1
-1.666620813384088,-4.565272350151396,1
2.3743491217088186,-1.0876334339007907,0
-0.05883446835066523,3.304639130732988,1
2.5931216588151917,-4.714857840917621,0
0.14314731728007227,-0.6437373935854594,0
2.259013429336444,0.5229724956036947,0
-1.1004153139964037,-1.5148891641143996,1
-3.4690420211668114,-1.4537686675481312,1
6.7341991867754585,-5.056596187322124,0
-1.5060659238959548,2.5945347105887744,1
4.553814038241184,-4.093233249892485,0
3.2300563473461583,-3.2071990706201357,0
0.08137027707307944,0.7308642429595326,0
0.5007661599589227,-0.5145906033988742,0
1.039551211689072,-2.8139980428789766,0
2.0793579069228336,0.882166422544013,0
1.9825261552023976,-0.19459230387919013,0
9.15151191688951,8.138753359379185,0
6.665067860528898,-3.0642131800135437,0
1.4830971782435758,5.406237739014713,0
0.074444327133058,-2.5788955911474165,0
0.28983838950451013,-0.55076527769974,0
-0.1539191357539004,-1.607862261116386,0
0.023200798464876195,3.389389717169841,1
8.290944050229973,1.852118436100913,0
-6.7983023069184965,-0.20549208536217267,1
0.7974114666211592,-0.4791502368057895,0
-6.259293261328908,-1.057452237879852,1
7.6126379901328125,-1.8979785823921271,0
3.2704160040802934,-3.0481639747594262,0
1.4060881738824902,-3.8315657818668196,0
1.9468246938959182,-2.4824962294290938,0
2.130783388357676,-2.461381617930654,0
-3.4271846255383642,0.2077848150194865,1
3.401533842172653,1.9131795728129137,0
-1.8666751788683742,-1.5346044664138365,1
-0.12712118839473827,0.3978489583390256,1
8.163293344646563,-3.451115835328723,0
-4.068660428417384,1.28101732462502,1
-0.06740813347431884,-3.5785661323590476,1
3.9464156060197704,-1.3889890251390253,0
-2.9207743167316575,1.0006191533124125,1
8.486242610943462,3.2478081598709916,0
-1.5500420892458489,1.789537322454751,1
6.050834253916704,-1.2505477283089497,0
6.894077491981855,1.0377210781792796,0
0.14984661454674408,-0.3980843114318804,1
-3.3007324531426634,2.8810820963022348,1
3.559261647353976,-0.15708285915733408,0
0.1777227021035335,-0.537797224772426,0
3.9829615799486353,-2.2412868919191236,0
-3.058703200693859,3.1677728178543703,1
-3.3763653613888733,-1.8299083170537065,1
-0.913717195709765,-2.370162264686408,1
1.3050424624242014,2.1114128886476466,0
-3.772697156641802,-1.6313366448218984,1
1.4768579190743416,-4.0100714086034115,0
-1.6425945535238915,-1.5027675221569303,1
-5.516629931501525,-0.22564500105363836,1
2.685727947882906,-3.426795629430778,0
1.974142726654401,-3.1241360343335813,0
5.7983965183938535,0.46580766404140755,0
-0.48971799567079716,-0.09147110230058449,1
3.224878692225802,0.21237730099027743,0
-2.8515845679622474,-1.8825757993569656,1
-3.0817144925091515,4.101930701947964,1
1.09776909371508,-0.17485151736069554,0
7.569769103609874,-0.09630236676549825,0
-0.2790893168669578,-0.45084070521206987,1
0.3348461997303838,-0.19408334474147007,0
1.862809842054298,-1.0056328020649101,0
-3.5508066157557585,-0.28776936242995205,1
-5.410986867547202,2.4405500275377108,1
2.4584843936434737,-0.16519072697113685,0
-6.0045007553358545,0.5338968448660749,1
-0.3350369495510927,6.0445428624641995,1
3.513868658605251,-0.03131511930942369,0
2.5901620892012636,0.9826722428289236,0
7.30712779097661,0.07122653797626843,0
3.930117453632878,-1.0374940044138228,0
-3.2848312292829442,-0.7498140726914508,1
-2.609123191732073,-0.7101822488743812,1
3.948361784892514,-1.3020315033218677,0
2.2204412503719917,1.016439038106356,0
1.4793824039664223,-4.888896481729401,0
3.2694728787604825,0.7932646177166993,0
4.705693654909413,-5.604847094388473,0
-0.45050491348483285,-0.5969482846441431,1
-2.0933878076039956,-1.1325473675492659,1
0.5724616852674522,-0.655125075994582,0
-1.7184207756026264,-0.202513811190778,1
-4.694615733196076,-1.4967887486713074,1
0.5798515072573183,2.3154556071243255,0
2.817777614643308,2.165802540914599,0
0.7578832817994902,-1.9495661026320044,0
4.40718106293488,-2.886529348562943,0
-1.6953398535924755,1.0937292373837622,1
-7.698020293306385,-0.06093302470880573,1
-2.503266880586157,2.1800238674420416,1
5.6433665615256645,4.3397159414674915,0
-1.5508482200081024,0.0885511926994182,1
3.542657984781414,-5.56910730947274,0
-3.9325979493456886,3.341670423241411,1
0.8765033932460614,1.3568609720528544,0
3.4936957640394155,-1.5122763983369487,0
0.19031619674030298,1.0151735773037154,0
1.2774229766777265,-2.557915314902427,0
4.18435252435381,-5.860399006944193,0
-3.1498826725212625,0.5493357510209673,1
2.4579298607260953,0.13406737741164448,0
-5.326265730791214,0.21100000973046237,1
-1.946756896407557,-2.717858807984023,1
-0.564702133237749,1.102890957578546,1
-2.5253255098253558,1.2504170868983215,1
0.19865553685988016,-1.1084981066089783,0
-0.8577788488299343,-0.28079979354037404,1
4.018760115285245,-0.4832209002809687,0
-3.6831492563627988,-0.0675930305482494,1
-2.6144574212978275,0.01682620712028489,1
-2.7685149708569594,0.08602862807111666,1
-6.068496729256724,-1.0112461236726298,1
-1.1237509451595482,1.372858946837618,1
3.7928065066833074,2.62721065831943,0
0.8911074026274334,0.34079032288704353,0
4.262649376166339,1.672901808895194,0
-5.82163030715717,-0.22849217187159956,1
1.8224050279319912,-0.37668133752008476,0
-4.781897415204827,-1.7002872436986978,1
-1.5207380850550536,-0.9825566136302761,1
-4.1685166261234485,-2.991418289226841,1
-3.150405842362653,-0.4142625342636752,1
4.97003541805829,-4.460816131490041,0
-1.4311025839425495,-0.6857333821618229,1
-3.4234778759843523,0.9441301882343925,1
0.5359365700468746,-0.21560116962114378,0
-2.813849575217174,-2.6418915977787956,1
2.843637904897916,2.3627754552380607,0
-2.0164034758957046,0.04426879920599386,1
-3.3019012895219078,0.7517201981476492,1
1.1044891232837444,3.0872060434426083,0
0.8431584674649464,1.5285014279218696,0
-1.657175454772411,1.3089994703266565,1
1.6572973634618573,-4.487836614412626,0
1.1811909139897314,-0.9880496514742286,0
-3.6837492044583735,0.028674513900659244,1
2.9160617350362896,-2.147691532733451,0
5.952872574264563,-1.767557048719958,0
0.9625600796188385,0.9465737524431224,0
-3.8028432900897933,0.117294503191771,1
-3.5584772603434818,1.1732090197028504,1
-5.1985831353444505,0.4939096774401339,1
1.9028047842295677,0.3909017027795182,0
4.137405575368167,0.1110343904190018,0
-0.5068386685477794,-0.24517528721625742,1
5.2290446707703335,-3.1823165987374167,0
-6.790575572445273,0.9565320460732356,1
3.6887224152231757,-3.01569074789564,0
-2.980986848460474,3.448740248051596,1
-5.470386324617209,-0.22160414414121668,1
-3.6575045794547476,1.10620801569781,1
2.2805021538807364,1.171914514312354,0
2.94571356423624,9.269106406109932,0
8.416571669527169,5.865477173554239,0
5.0535258745376,3.5466967523507233,0
7.728644619358521,6.099261659470716,0
0.6758332142510449,-0.6544083382301854,0
-0.23862012400880891,1.5393390702047205,1
-6.097034562929108,0.05009037430487574,1
-3.2830176585143565,1.067965679622657,1
-4.700580269106423,0.8658371983374401,1
-1.8381246967095424,-1.6337071237364742,1
-0.47159273024188103,0.022159669876848666,1
-2.8089535724916943,0.5758724001428298,1
0.3818694195229786,0.6433733881366904,0
1.0062447208432759,-5.328029875905545,0
4.122235360598149,-3.4872124736405694,0
2.613723238975176,-0.4628508354840695,0
2.030315446181068,4.270021523336171,0
0.7592222049934259,0.9669660174658613,0
0.9393269446891258,-0.8050362469418747,0
-4.454228162495465,0.6738338407612766,1
3.2890463498144213,-5.270579492774484,0
-5.354307797305485,1.6006976255541938,1
-4.380860760126393,-1.4018954578992961,1
-2.8239894352654566,1.9526710022818583,1
-1.1515002455434455,-0.8650686902805057,1
-1.941496352201941,2.5307379271640773,1
0.7752479998538371,-1.9046627803557323,0
1.057788237433366,0.5298609182525655,0
-0.10683008694744998,1.856865108280568,1
1.0516582004230592,-1.8662241830983317,0
2.1353825179639325,1.4122826987411499,0
2.1780115839775007,3.2242942142084488,0
2.0609186993732527,-0.9412222788112902,0
8.384615147737902,-1.6912570465127301,0
1.8314116727941019,1.5278121918319987,0
0.8768510302534743,2.871734288220028,0
-2.0556194005809445,-0.2010682592527605,1
2.464875773518165,2.286930510891816,0
0.6792609507405306,-2.4746077795885357,0
-2.169197715474973,-0.28099428566312945,1
2.9746369912594757,1.691615316250472,0
-3.889141876228766,-1.1995179095251147,1
-0.8303940916914413,-1.7152826042429676,1
3.1835157356088053,-0.8802751022422824,0
-2.813879897475917,2.3878700645135065,1
-0.46045673079801014,-4.04156262004957,1
0.648303247011375,-2.255647964302234,0
-1.5323838653008919,0.49115569114714697,1
1.9873646280167738,2.8460432356764827,0
1.7124843814803408,4.626654932254889,0
-1.0993260962353881,0.9759377070973214,1
-0.2962142986732257,-0.27021770866927336,1
-2.390000307221654,-0.05146842892611719,1
-0.9579679543992389,2.4241418109667987,1
4.1290891820226365,2.471223113310151,0
2.1643263109027666,4.632819575606559,0
-4.8222632445163764,-1.0373081235800377,1
1.7269453122416147,0.2564365412734396,0
-1.7948393594586083,1.5860871930623506,1
-0.36240513268913904,-1.3012777840767777,1
0.4160891907582472,1.736842677700187,0
1.5975908527990346,-2.208670111742809,0
2.1182862573090393,0.34176187918015133,0
-0.4662387926728436,-0.6708441317528042,1
3.151712449910311,-2.365750139553512,0
5.08698474744536,-1.3750300124019585,0
-1.0269383760033342,2.356707117944586,1
2.6356861951911754,2.0505949637519723,0
-3.285458647614614,-0.7009281243410305,1
-4.836383048260127,0.40864025814554134,1
0.8880485288287228,1.5929959750314062,0
5.2444748761040625,-1.9330040179117776,0
4.288702746845794,-2.7621972232131693,0
-0.3597336719131141,-3.808663244060746,1
-5.54420814871621,1.37109346068045,1
3.268494732946832,1.0341740452804626,0
1.2158754252160873,0.015598124722881971,0
2.4192126153363827,-5.044584358574113,0
-0.05043812385046137,-1.6161744655689836,1
-5.095885418262194,1.045851344486517,1
4.633938235999754,-3.0504890728179888,0
-3.6832713382381157,2.383276233204133,1
-3.7657350424954164,-0.1930733907242536,1
-8.257294009654556,2.010093201606322,1
-1.7448708192105573,-0.8216766890073766,1
0.5973740678075038,-1.5129309861293339,0
1.0586516048115755,0.5001120401570416,0
-6.876967314733463,1.5381465821747533,1
0.5409864725730584,-0.47862347139222083,0
-4.222532013172049,-0.7009559581910356,1
3.893299158699231,2.4344521226276403,0
-4.504074068875445,0.9847123928637759,1
1.3516381187212516,-0.20173087711553866,0
-5.112661194377685,0.9363404647335787,1
3.2329011602104734,-3.225775267337359,0
5.57380199880604,-4.2145997709105725,0
-3.4637678362360025,0.4138707047501909,1
2.4380787573324105,-1.217293792169772,0
-1.3886563847679523,-0.7178774733467104,1
1.530054206194762,-1.6892062785919186,0
-3.216604513374066,-1.450960211912205,1
-2.8556247395059824,-0.05044712234735408,1
4.135341615986041,-1.0484797091222096,0
5.196340031156878,-1.5234554995950538,0
-1.3829784230393347,-3.6719238893331068,1
-1.1736989691085917,-0.043120583778016516,1
-5.275193810224279,1.0865763383877736,1
4.872797625598075,3.5777258771770484,0
-4.52279628219269,-2.019684473454541,1
0.8048520730491764,1.1283162931505162,0
-1.2346614927629307,2.7316212353143183,1
-3.0073394080673164,1.7421310557022378,1
2.033746692429588,-0.8658429351735041,0
-3.3347026954447045,2.4270620957965185,1
-5.228000544539073,-1.663846920288994,1
2.4060690661037323,0.5892935466126452,0
1.2886246835089734,-3.6085552579084994,0
-1.143101534134312,-3.061640809186103,1
-0.6326205823665333,-1.964401621296415,1
5.7900526658461855,0.2732480747751751,0
2.6814591882370897,0.9754289060807555,0
-1.7408350643857748,-3.014500952147653,1
1.2570380856944894,2.9953917054964396,0
1.1741823122180128,-4.41993082803775,0
1.9935426717500233,0.16352579601957315,0
-4.684054489240275,1.3405619138553841,1
3.91198966255399,-1.638508297534893,0
-1.2126658677315443,-0.9896436271913502,1
-2.162585086639721,-0.2518484312293282,1
2.3946107850838723,3.6621693351118165,0
-4.25628904089084,1.8609341600999272,1
-1.9125034855846286,-3.8245553398315604,1
4.286323092274771,-1.9860906374075031,0
3.63531510947159,-3.0775463022720038,0
-3.2095671443269636,1.7556773131752028,1
2.5041693395203106,3.3446097352902493,0
2.2906284963756605,-2.372711131538137,0
2.101235514171352,-4.190402468549884,0
4.6194531346850916,3.349550152919063,0
0.4726671599405044,-2.203167449825441,0
2.1516279352729573,4.933546450445252,0
8.213955305917098,17.371437310029485,0
-4.021494539515503,3.605161398007634,1
-1.25213513976648,0.35513081954980585,1
0.8990313559794822,2.108207802139795,0
4.964640338405587,-0.3129398241597793,0
-5.26244282362753,5.089100210278832,1
3.531653383240887,-5.566605244386248,0
-5.430915008827347,0.019174638278262122,1
-3.076780957559022,-0.8592225256865605,1
2.342418245329966,1.936264687226486,0
-3.507360969563168,1.0515766976159127,1
-4.454348220351187,0.2880156173240061,1
-1.298082072131235,-1.5321986560046919,1
0.4091519506259223,1.7568809357931603,0
-0.3676062637532064,-3.0656629288317685,1
-0.47770752626149077,-3.2851699962832233,1
7.186170667600306,-3.1341608793347113,0
1.3406216616473592,2.2562833048394886,0
0.9966282128857861,0.3120448546287765,0
3.0248296516993,-2.069320366940681,0
3.2686462853406195,-2.2652911573017382,0
-0.9733534842211669,1.2310299067884884,1
-0.09481302356850452,-3.616719995585503,1
2.3444851799802797,1.934628854445374,0
5.046749972448076,3.555759268019997,0
-5.557376918073067,1.093691329209318,1
-2.3514640028117366,-0.9015809021108854,1
-2.650419069923089,0.8666188444817537,1
3.584665371558202,0.06419966951390109,0
-1.29811440142707,1.7225658740047127,1
-2.7203723891229497,11.268047552914727,1
-0.8412013635670643,1.4719989433198652,1
-4.372062106087532,1.619261478934299,1
-0.8551380529382124,-3.47302958249606,1
0.5957857998134927,2.5648442882869165,0
-1.4140458206660964,-2.254095452861397,1
4.33253374922685,-0.2511716808557033,0
-5.438918102121348,0.607625358396559,1
-3.1807251921379245,1.0369405746021636,1
1.9066977995595977,-3.505683808584609,0
0.10847874146626572,0.34995198895573837,1
0.9203831424411135,1.6229998385667375,0
5.456369572408707,1.4125135334961356,0
2.999547639709951,1.3790735054132581,0
1.7161322009712037,0.3079794004180404,0
3.0744153199724416,0.7288733914628867,0
6.41631459832024,-7.228058750885101,0
-0.14637516782076204,2.777148723530278,0
-4.061372239378267,1.1167668643793764,1
4.041476551178173,0.7341373525656825,0
-2.39763544489526,2.2387239378114376,1
3.9187915813057215,2.388979395020591,0
5.777286087601997,-2.037604462006394,0
-3.2314543303865046,3.0452554278884354,1
-5.644942250096969,0.45646881038826026,1
-1.6326969061314185,0.16201366639304965,1
-2.699257524840742,-0.03073054376813387,1
4.688015546426398,-4.833222483899391,0
2.307533605686612,-2.219157826159829,0
4.973697439647816,0.026919971776306985,0
1.557332982217598,4.6353672561897294,0
2.4330485640549293,3.37774922182751,0
-4.723720526550168,-2.3983290406146334,1
-4.039206826388289,-2.5248713110919088,1
2.9809887800873076,2.4170046251918427,0
-2.5987738639197513,0.8534272873494023,1
0.12785738116785333,-2.0282985109880998,0
0.4397603236456675,2.057514742023567,0
-4.463314372824359,-1.4933720128629888,1
5.096403068416316,-3.423222311439262,0
3.718236886163227,-1.9869431720081474,0
1.5396730178868985,0.7840277301491083,0
-4.339505347444124,-2.0210893095379068,1
3.345960683260034,0.675174053155209,0
0.6659294066565615,0.0669762208322871,0
-3.588523391896225,-3.6199787789870146,1
-2.776981657806009,0.46041943513342737,1
-3.6691631614829983,-1.0823230252339733,1
-1.2380381140527774,0.2892226112281405,1
-2.810642575582426,0.5226882694119201,1
0.08936346490793264,0.3871035901845707,0
1.1265307041372534,0.8438894553708605,0
2.1470294593787087,-3.1476442544392182,0
-3.0833837040277974,0.5359926935985391,1
2.514576215230599,1.7684216559469192,0
4.742504935580507,6.1098409370385625,0
0.48037263819377607,1.432082781804693,0
-2.2869147779143377,-1.319868712417853,1
4.226637895249354,0.6863826041524403,0
3.631376971478527,4.481019283231706,0
-0.48988630213468376,-1.6381716327095621,1
0.07682292227644404,2.124279088252269,0
0.9320038780063302,0.5964799976543458,0
0.8998745101992532,1.0236218596215136,0
3.769186332983004,-1.7580666639043618,0
0.028408146156212826,1.5695133668014138,0
4.584000641457664,-1.1680898581056192,0
-7.9993847500500666,0.9659764619871569,1
0.528634174158265,-3.5998231317187384,0
-0.8764204179428485,-1.8677480235024635,1
-4.61152416301687,-1.770679734280339,1
-1.2270227945059067,-1.785808938559529,1
-1.859132748681433,0.8337538928734525,1
2.1415388804849105,6.135579973801706,0
0.014087289084463222,-0.33760520807978733,1
-1.759470532263376,-1.2726031179952249,1
3.128705538220577,-2.1981579826733535,0
-2.664324412321819,-0.968131112241909,1
0.13917161513425544,-3.7621441416291024,0
5.672970065931145,4.942394998793764,0
-0.7067548971990268,-1.9104406560064104,1
2.045655919040751,-1.386272660215395,0
-4.9572921842275175,2.800765336817672,1
-0.568478831013098,2.518956029346426,1
1.4230152540424217,2.439006806080206,0
-2.7207159919989765,-1.1572789257677876,1
-2.893651008970542,-0.19975257417373704,1
-3.9767199921236327,-0.5962114891661929,1
-3.104210234725912,0.9441170827085713,1
0.43151453357164554,-1.3947392539455166,0
-0.5509604668937705,-1.3316115551417982,1
6.33804194598754,-2.587824054458158,0
1.3345343970417196,-5.021579829622245,0
0.5615414105099742,-2.4798699423902937,0
-4.328062756599851,-0.1126404733988665,1
-1.3347720223114155,-4.250197677902324,1
0.678640223878056,-4.331767645012122,0
-5.911473101202456,1.5705914295027794,1
-6.230756287119862,-1.6592342680759042,1
-0.5883304045457162,1.0679766007850644,1
1.1883990088288994,2.374799236969984,0
1.0181461993656016,-0.6603503675389287,0
4.050332697251893,2.028276495274375,0
-2.72786183727734,-0.16406536460424728,1
-4.841040643235939,-2.038966495414311,1
-2.7923788499330433,1.2836607005566862,1
-0.71466290126706,-2.26164847024551,1
0.04019837514212165,0.17887021425879165,1
-0.9237711181129027,-0.4392455075213526,1
-1.0477249179177521,0.45206338807843804,1
-2.894672226616777,1.4848183914742528,1
1.6992515947245095,-2.891389190302016,0
2.535408245710893,-0.849597535308222,0
1.1640077633977752,-3.264161187675371,0
0.8973449179515405,-3.770334061813995,0
-2.2095914725850863,3.2211246235097533,1
6.52269961945281,-2.575459954346905,0
-0.9409180457557856,-0.6092214294437494,1
-1.0525484415689772,-0.8267273216169801,1
-0.5472795258251015,-0.9502903204588508,1
1.1757678733113899,2.1041160262376533,0
0.22348550791865598,-2.6394494510764774,1
-1.6040404022372547,1.2412909414052986,1
0.8624241056585478,0.6529640198941135,0
-1.9216029743209417,-0.1707221050648806,1
-3.937461258837538,-0.17623674698241476,1
2.7205693221134513,-1.4699927361825074,0
3.870396992695298,-0.09723457885161962,0
-4.033026534166016,1.9133273219410765,1
0.7049335916906567,0.3510341529149474,0
-0.035028189834681485,0.2625845394513473,1
-2.8694577457870487,1.73874498145778,1
-2.7432840731002472,3.074516932672824,1
-4.37492053329447,-1.063122472736586,1
-0.6229581611702618,-1.5174739804704975,1
-0.26673069907512753,-0.04799219775509046,1
-0.11160083137367284,1.4735869217137227,1
1.2871358083367983,4.256645466095458,0
